Name,Degree,Job Id,Qualifications,,,,,,,,,,
John Doe,B.Com,1089843540111562,M.Com,,,,,,,,,,
Jane Smith,M.Com,398454096642776,M.Com/B.Com,,,,,,,,,,
Alice Johnson,PhD,481640072963533,PhD,,,,,,,,,,
Bob Brown,BBA,688192671473044,PhD,,,,,,,,,,
Charlie Davis,BCA,117057806156508,MBA,,,,,,,,,,
Emily White,B.Com,116831420231957,MCA,,,,,,,,,,
George Harris,M.Tech,1292168246729889,PhD,,,,,,,,,,
Hannah Martin,MBA,1498778686197107,M.Com,,,,,,,,,,
Ian Clark,MCA,1680293940995740,MBA/BBA,,,,,,,,,,
Jessica Lewis,PhD,255627812588102,MBA/BBA,,,,,,,,,,
Karen Thompson,B.Com,2696958764033354,MCA/BCA,,,,,,,,,,
Larry Anderson,B.Tech,1446194141960546,M.Tech/B.Tech,,,,,,,,,,
Monica Hall,BA,1914121205954296,MCA,,,,,,,,,,
Nathan Allen,BBA,290761760113904,M.Com,,,,,,,,,,
Olivia Young,BCA,1627539131873813,MCA,,,,,,,,,,
Paul King,B.Com,2691974960988857,M.Com,,,,,,,,,,
Quinn Wright,M.Tech,2823887164112482,M.Tech,,,,,,,,,,
Rachel Scott,MBA,76902098772934,BA,,,,,,,,,,
Steve Adams,MCA,235216486127884,BA,,,,,,,,,,
Tina Baker,PhD,407980927519454,PhD,,,,,,,,,,
Uma Phillips,B.Com,940776147258900,M.Tech/B.Tech,,,,,,,,,,
Victor Roberts,B.Tech,1524311163188117,MCA/BCA,,,,,,,,,,
Wendy Evans,BA,2508133000944341,M.Tech,,,,,,,,,,
Xander Collins,BBA,2808730603865187,PhD,,,,,,,,,,
Yvonne Stewart,BCA,2277355440844434,MBA,,,,,,,,,,
Zachary Turner,B.Com,2263070284964014,MBA/BBA,,,,,,,,,,
Aaron Wood,M.Tech,1504621983937621,M.Tech,,,,,,,,,,
Bella Watson,MBA,2425661201998142,BA,,,,,,,,,,
Cameron Reed,MCA,1361459669383850,M.Com,,,,,,,,,,
Diana Murphy,PhD,1355325262915901,MBA/BBA,,,,,,,,,,
Ethan Parker,B.Com,2020637774150541,BA,,,,,,,,,,
Fiona Bailey,B.Tech,419221709320780,BA,,,,,,,,,,
Gavin Nelson,BA,619200804346093,M.Com,,,,,,,,,,
Hazel Rivera,BBA,2063768239629741,M.Com,,,,,,,,,,
Isaac Brooks,BCA,1889088294438825,M.Com,,,,,,,,,,
Julia Barnes,B.Com,981851940397954,M.Com,,,,,,,,,,
Kevin Mitchell,M.Tech,3023207081599021,PhD,,,,,,,,,,
Luna Gray,MBA,487916817418719,BA,,,,,,,,,,
Michael Hayes,MCA,1703785128114382,M.Com,,,,,,,,,,
Nina Simmons,PhD,2812077440184777,MBA,,,,,,,,,,
Oscar Foster,B.Com,1462699667162772,MCA/BCA,,,,,,,,,,
Paula Ward,B.Tech,2149248180059910,MCA/BCA,,,,,,,,,,
Quincy Hughes,BA,1191707058920608,BA,,,,,,,,,,
Ruby Powell,BBA,1887042790868742,PhD,,,,,,,,,,
Samuel Russell,BCA,385983883133993,MBA/BBA,,,,,,,,,,
Taylor Carter,B.Com,1624471339210844,M.Tech/B.Tech,,,,,,,,,,
Ursula Howard,M.Tech,1373513885523551,M.Tech/B.Tech,,,,,,,,,,
Victor Morgan,MBA,2828247805840851,MCA,,,,,,,,,,
Walter Bell,MCA,2283172037354283,BA,,,,,,,,,,
Xena Bryant,PhD,1623435902000493,MCA,,,,,,,,,,
Yara Sanders,B.Com,61404752885199,M.Com,,,,,,,,,,
Zoe Jenkins,B.Tech,143807684464195,M.Com,,,,,,,,,,
Anthony Long,BA,972331080088144,MCA/BCA,,,,,,,,,,
Brittany Patterson,BBA,832490435008360,PhD,,,,,,,,,,
Carlos Coleman,BCA,1889203015310101,M.Com,,,,,,,,,,
Danielle Rogers,B.Com,1932055874260837,M.Tech/B.Tech,,,,,,,,,,
Eleanor Perry,M.Tech,2904879381492355,M.Tech/B.Tech,,,,,,,,,,
Frankie Alexander,MBA,2163073019325612,BA,,,,,,,,,,
Gina Butler,MCA,819507979603011,M.Com,,,,,,,,,,
Harold Webb,PhD,463604673095581,MBA/BBA,,,,,,,,,,
Ivy Fuller,B.Com,914610059336401,BA,,,,,,,,,,
Jackie Harper,B.Tech,401560922349533,PhD,,,,,,,,,,
Kurt Matthews,BA,1378095303036012,M.Tech,,,,,,,,,,
Lara Jennings,BBA,2016798883546699,MCA/BCA,,,,,,,,,,
Mason Rhodes,BCA,1698918376329291,MCA,,,,,,,,,,
Nora Greene,B.Com,1786307353547155,MCA/BCA,,,,,,,,,,
Owen Perry,M.Tech,1119902432552693,MBA,,,,,,,,,,
Piper Freeman,MBA,2905315612084623,M.Com,,,,,,,,,,
Quinton Lawrence,MCA,1070094687163912,MCA,,,,,,,,,,
Riley Patterson,PhD,2853459439973158,M.Tech/B.Tech,,,,,,,,,,
Shane Butler,B.Com,1853009264735274,MCA,,,,,,,,,,
Tanya Edwards,B.Tech,751362291851303,MBA/BBA,,,,,,,,,,
Ulysses Ross,BA,1541299387735451,BA,,,,,,,,,,
Vivian Hughes,BBA,747039157139311,BA,,,,,,,,,,
Wayne Rogers,BCA,3071871213659049,MCA,,,,,,,,,,
Xander Dixon,B.Com,1421428131671046,M.Com,,,,,,,,,,
Yasmine Barrett,M.Tech,477744497300465,BA,,,,,,,,,,
Zane Cole,MBA,1071377077337640,PhD,,,,,,,,,,
Abigail Porter,MCA,2523262354777316,M.Com,,,,,,,,,,
Blake Townsend,PhD,433363914105835,MBA/BBA,,,,,,,,,,
Cynthia Hayes,B.Com,708801148206853,PhD,,,,,,,,,,
Dylan Walker,B.Tech,2472658070216212,MCA/BCA,,,,,,,,,,
Elise Sanders,BA,448038582846953,MCA,,,,,,,,,,
Francis Hicks,BBA,3069647303473001,BA,,,,,,,,,,
Gloria Long,BCA,3019745751207697,MBA/BBA,,,,,,,,,,
Hunter Marshall,B.Com,2932248483356055,MBA/BBA,,,,,,,,,,
Isabel Rivera,M.Tech,1101347351405871,M.Tech,,,,,,,,,,
Jason Bell,MBA,2512293086471559,MBA/BBA,,,,,,,,,,
Kate Hughes,MCA,2402497415714130,MCA/BCA,,,,,,,,,,
Liam Martin,PhD,2073782399665928,PhD,,,,,,,,,,
Megan White,B.Com,2417807352752173,M.Tech/B.Tech,,,,,,,,,,
Noah Cooper,B.Tech,1576493494098083,MBA/BBA,,,,,,,,,,
Ophelia Barnes,BA,1639064859293343,MBA,,,,,,,,,,
Parker Wood,BBA,3047887559567685,M.Tech/B.Tech,,,,,,,,,,
Quincy Young,BCA,955021882863115,MCA,,,,,,,,,,
Rachel King,B.Com,340716003792218,M.Com,,,,,,,,,,
Sophia Lee,M.Tech,823741303746808,MCA,,,,,,,,,,
Tyler Adams,MBA,1081408808790672,M.Com,,,,,,,,,,
Ulysses Clark,MCA,3038060774607784,MCA,,,,,,,,,,
Victoria Morgan,PhD,929230808515445,M.Tech/B.Tech,,,,,,,,,,
John Doe,B.Com,2213353461153529,M.Com,,,,,,,,,,
Jane Smith,B.Tech,1156025606824277,M.Com,,,,,,,,,,
Alice Johnson,BA,2141342207224203,M.Com,,,,,,,,,,
Bob Brown,BBA,1343787400703296,MBA,,,,,,,,,,
Charlie Davis,BCA,481690518473663,MCA/BCA,,,,,,,,,,
Emily White,B.Com,2310106656757315,MCA,,,,,,,,,,
George Harris,M.Tech,18546437476934,M.Tech,,,,,,,,,,
Hannah Martin,MBA,2564411558603354,M.Tech,,,,,,,,,,
Ian Clark,MCA,436825460913302,BA,,,,,,,,,,
Jessica Lewis,PhD,1698412424394723,M.Tech/B.Tech,,,,,,,,,,
Karen Thompson,B.Com,2758708236284517,M.Tech/B.Tech,,,,,,,,,,
Larry Anderson,B.Tech,1280518284883759,PhD,,,,,,,,,,
Monica Hall,BA,1929097039032752,M.Tech,,,,,,,,,,
Nathan Allen,BBA,593640137699935,M.Tech,,,,,,,,,,
Olivia Young,BCA,2086213551673449,MCA/BCA,,,,,,,,,,
Paul King,B.Com,736772465708102,MBA,,,,,,,,,,
Quinn Wright,M.Tech,1615068533343634,MCA/BCA,,,,,,,,,,
Rachel Scott,MBA,183423976975680,MCA/BCA,,,,,,,,,,
Steve Adams,MCA,1536525374644040,M.Com,,,,,,,,,,
Tina Baker,PhD,2486345121644216,MBA,,,,,,,,,,
Uma Phillips,B.Com,1868744090564217,M.Tech,,,,,,,,,,
Victor Roberts,B.Tech,2447681687654738,M.Com,,,,,,,,,,
Wendy Evans,BA,2782181833230607,MBA/BBA,,,,,,,,,,
Xander Collins,BBA,1846193207686983,BA,,,,,,,,,,
Yvonne Stewart,BCA,2477399506391243,M.Com,,,,,,,,,,
Zachary Turner,B.Com,1731387023566253,PhD,,,,,,,,,,
Aaron Wood,M.Tech,1113406716985615,MBA,,,,,,,,,,
Bella Watson,MBA,2486987134318780,MBA/BBA,,,,,,,,,,
Cameron Reed,MCA,2331576770717246,BA,,,,,,,,,,
Diana Murphy,PhD,1459743010192052,M.Tech,,,,,,,,,,
Ethan Parker,B.Com,1648324436294184,MCA/BCA,,,,,,,,,,
Fiona Bailey,B.Tech,896725996951537,MCA/BCA,,,,,,,,,,
Gavin Nelson,BA,1431910295689572,M.Tech,,,,,,,,,,
Hazel Rivera,BBA,1818505779836863,MBA/BBA,,,,,,,,,,
Isaac Brooks,BCA,837996888924170,MCA,,,,,,,,,,
Julia Barnes,B.Com,1291920446633595,MBA/BBA,,,,,,,,,,
Kevin Mitchell,M.Tech,2654597169216546,M.Tech,,,,,,,,,,
Luna Gray,MBA,244992424262101,M.Com,,,,,,,,,,
Michael Hayes,MCA,159899705452293,M.Tech/B.Tech,,,,,,,,,,
Nina Simmons,PhD,2099928773598710,MBA,,,,,,,,,,
Oscar Foster,B.Com,2894688809840,M.Tech,,,,,,,,,,
Paula Ward,B.Tech,1766875174350447,M.Com,,,,,,,,,,
Quincy Hughes,BA,1765690327734607,MCA,,,,,,,,,,
Ruby Powell,BBA,2044345326334646,MBA/BBA,,,,,,,,,,
Samuel Russell,BCA,669590234567109,M.Com,,,,,,,,,,
Taylor Carter,B.Com,2122997813566133,MBA/BBA,,,,,,,,,,
Ursula Howard,M.Tech,105151768882381,BA,,,,,,,,,,
Victor Morgan,MBA,2700890408290135,M.Com,,,,,,,,,,
Walter Bell,MCA,2431672854097570,MBA,,,,,,,,,,
Xena Bryant,PhD,570456288571667,M.Com,,,,,,,,,,
Yara Sanders,B.Com,1254555934457610,M.Com,,,,,,,,,,
Zoe Jenkins,B.Tech,4495150416542,MCA/BCA,,,,,,,,,,
Anthony Long,BA,309262081759453,M.Tech/B.Tech,,,,,,,,,,
Brittany Patterson,BBA,2648750028613214,MCA,,,,,,,,,,
Carlos Coleman,BCA,1724921779956441,MCA/BCA,,,,,,,,,,
Danielle Rogers,B.Com,2971555555575053,PhD,,,,,,,,,,
Eleanor Perry,M.Tech,579575048679091,MCA,,,,,,,,,,
Frankie Alexander,MBA,2149397187330318,PhD,,,,,,,,,,
Gina Butler,MCA,2945913403797235,MCA,,,,,,,,,,
Harold Webb,PhD,1385010604943968,BA,,,,,,,,,,
Ivy Fuller,B.Com,2923831611027232,M.Tech,,,,,,,,,,
Jackie Harper,B.Tech,2699711312301959,M.Tech/B.Tech,,,,,,,,,,
Kurt Matthews,BA,939684600508925,M.Tech/B.Tech,,,,,,,,,,
Lara Jennings,BBA,1896547508467197,BA,,,,,,,,,,
Mason Rhodes,BCA,114645271112371,PhD,,,,,,,,,,
Nora Greene,B.Com,788184388862645,PhD,,,,,,,,,,
Owen Perry,M.Tech,3075016445480296,MBA/BBA,,,,,,,,,,
Piper Freeman,MBA,466083613853147,MCA/BCA,,,,,,,,,,
Quinton Lawrence,MCA,386016382288061,M.Com,,,,,,,,,,
Riley Patterson,PhD,2216368516992845,MBA,,,,,,,,,,
Shane Butler,B.Com,275877193593940,BA,,,,,,,,,,
Tanya Edwards,B.Tech,2276733529605345,MCA,,,,,,,,,,
Ulysses Ross,BA,2511968801494022,MBA/BBA,,,,,,,,,,
Vivian Hughes,BBA,1032072454406029,M.Com,,,,,,,,,,
Wayne Rogers,BCA,2783507015640218,MBA,,,,,,,,,,
Xander Dixon,B.Com,1053345514869033,M.Com,,,,,,,,,,
Yasmine Barrett,M.Tech,58801832589647,BA,,,,,,,,,,
Zane Cole,MBA,1862357558611811,M.Com,,,,,,,,,,
Abigail Porter,MCA,656921276403070,PhD,,,,,,,,,,
Blake Townsend,PhD,2887765407880256,MCA,,,,,,,,,,
Cynthia Hayes,B.Com,956184901522839,BA,,,,,,,,,,
Dylan Walker,B.Tech,2277637152301006,MBA,,,,,,,,,,
Elise Sanders,BA,1940904259715887,MCA,,,,,,,,,,
Francis Hicks,BBA,2588584317894073,M.Com,,,,,,,,,,
Gloria Long,BCA,1360070138781167,PhD,,,,,,,,,,
Hunter Marshall,B.Com,2186900534995749,M.Com,,,,,,,,,,
Isabel Rivera,M.Tech,2025259871348429,MBA/BBA,,,,,,,,,,
Jason Bell,MBA,160399666386920,M.Tech/B.Tech,,,,,,,,,,
Kate Hughes,MCA,336200912542924,MBA,,,,,,,,,,
Liam Martin,PhD,248449529309724,M.Tech,,,,,,,,,,
Megan White,B.Com,2194565341873404,M.Tech/B.Tech,,,,,,,,,,
Noah Cooper,B.Tech,96764880618602,MCA/BCA,,,,,,,,,,
Ophelia Barnes,BA,2435037980247622,PhD,,,,,,,,,,
Parker Wood,BBA,2493341780464709,M.Tech,,,,,,,,,,
Quincy Young,BCA,919131047374313,MBA,,,,,,,,,,
Rachel King,B.Com,2739168200269021,MBA/BBA,,,,,,,,,,
Sophia Lee,M.Tech,2422872881148720,M.Com,,,,,,,,,,
Tyler Adams,MBA,2427096294014030,MBA,,,,,,,,,,
Ulysses Clark,MCA,2569062422630576,MCA/BCA,,,,,,,,,,
Victoria Morgan,PhD,658352476769475,MCA/BCA,,,,,,,,,,
John Doe,B.Com,3084483244796070,MCA/BCA,,,,,,,,,,
Jane Smith,B.Tech,1487187719810876,PhD,,,,,,,,,,
Alice Johnson,BA,1714334287335132,MCA/BCA,,,,,,,,,,
Bob Brown,BBA,2688617450853194,MBA,,,,,,,,,,
Charlie Davis,BCA,65641569762684,M.Tech/B.Tech,,,,,,,,,,
Emily White,B.Com,2536734206867634,M.Com,,,,,,,,,,
George Harris,M.Tech,2440179520384781,MBA/BBA,,,,,,,,,,
Hannah Martin,MBA,1352724567331229,PhD,,,,,,,,,,
Ian Clark,MCA,2554035352669742,MCA,,,,,,,,,,
Jessica Lewis,PhD,2448697733283537,MCA/BCA,,,,,,,,,,
Karen Thompson,B.Com,1801490479475084,MBA,,,,,,,,,,
Larry Anderson,B.Tech,1711635968135303,MCA,,,,,,,,,,
Monica Hall,BA,399217604939821,MCA/BCA,,,,,,,,,,
Nathan Allen,BBA,2855661563833731,MBA,,,,,,,,,,
Olivia Young,BCA,2554197658030784,PhD,,,,,,,,,,
Paul King,B.Com,2114228993976103,MBA/BBA,,,,,,,,,,
Quinn Wright,M.Tech,1095385721568166,MBA,,,,,,,,,,
Rachel Scott,MBA,773798251416336,M.Tech/B.Tech,,,,,,,,,,
Steve Adams,MCA,2211807198608750,M.Com,,,,,,,,,,
Tina Baker,PhD,1296141719608926,MBA,,,,,,,,,,
Uma Phillips,B.Com,2513773396059277,MBA,,,,,,,,,,
Victor Roberts,B.Tech,2008599255989553,BA,,,,,,,,,,
Wendy Evans,BA,24991937651087,MCA,,,,,,,,,,
Xander Collins,BBA,1225535036606351,M.Tech/B.Tech,,,,,,,,,,
Yvonne Stewart,BCA,2292627292121486,MCA/BCA,,,,,,,,,,
Zachary Turner,B.Com,1243957041200233,BA,,,,,,,,,,
Aaron Wood,M.Tech,955448019329178,M.Tech,,,,,,,,,,
Bella Watson,MBA,1714046014218032,M.Com,,,,,,,,,,
Cameron Reed,MCA,363944948234256,MBA,,,,,,,,,,
Diana Murphy,PhD,1971960454267214,M.Com,,,,,,,,,,
Ethan Parker,B.Com,2980724050597001,MCA,,,,,,,,,,
Fiona Bailey,B.Tech,2096439356004374,M.Tech/B.Tech,,,,,,,,,,
Gavin Nelson,BA,145399585862144,MBA/BBA,,,,,,,,,,
Hazel Rivera,BBA,1016516744724168,M.Tech/B.Tech,,,,,,,,,,
Isaac Brooks,BCA,2646750127749830,MBA,,,,,,,,,,
Julia Barnes,B.Com,2167611398642460,BA,,,,,,,,,,
Kevin Mitchell,M.Tech,2033306983577669,M.Com,,,,,,,,,,
Luna Gray,MBA,642334182333917,MBA/BBA,,,,,,,,,,
Michael Hayes,MCA,22580607012829,BA,,,,,,,,,,
Nina Simmons,PhD,422676275009558,BA,,,,,,,,,,
Oscar Foster,B.Com,3081370537771102,MBA,,,,,,,,,,
Paula Ward,B.Tech,957305128807569,M.Com,,,,,,,,,,
Quincy Hughes,BA,1766812111882406,MCA/BCA,,,,,,,,,,
Ruby Powell,BBA,2595804572467199,M.Com,,,,,,,,,,
Samuel Russell,BCA,3057196015811336,M.Tech,,,,,,,,,,
Taylor Carter,B.Com,2075190948218940,MCA/BCA,,,,,,,,,,
Ursula Howard,M.Tech,2470717648248950,MBA/BBA,,,,,,,,,,
Victor Morgan,MBA,603290390078566,MBA,,,,,,,,,,
Walter Bell,MCA,379085778295201,BA,,,,,,,,,,
Xena Bryant,PhD,77668965448113,PhD,,,,,,,,,,
Yara Sanders,B.Com,2106006937289114,M.Tech/B.Tech,,,,,,,,,,
Zoe Jenkins,B.Tech,2226546247912088,M.Com,,,,,,,,,,
Anthony Long,BA,928765169844768,MBA,,,,,,,,,,
Brittany Patterson,BBA,1087659901403397,MCA,,,,,,,,,,
Carlos Coleman,BCA,1384735006315381,BA,,,,,,,,,,
Danielle Rogers,B.Com,1596553017574397,MCA,,,,,,,,,,
Eleanor Perry,M.Tech,1438033821712490,PhD,,,,,,,,,,
Frankie Alexander,MBA,307873899927146,M.Tech,,,,,,,,,,
Gina Butler,MCA,1317577784131285,M.Com,,,,,,,,,,
Harold Webb,PhD,511793046721698,M.Com,,,,,,,,,,
Ivy Fuller,B.Com,2174489695396909,MBA,,,,,,,,,,
Jackie Harper,B.Tech,2482944066971281,BA,,,,,,,,,,
Kurt Matthews,BA,2742298038767480,MCA/BCA,,,,,,,,,,
Lara Jennings,BBA,1277230346836850,M.Com,,,,,,,,,,
Mason Rhodes,BCA,64698191433317,MCA/BCA,,,,,,,,,,
Nora Greene,B.Com,270402783784246,M.Tech,,,,,,,,,,
Owen Perry,M.Tech,507092565645323,MCA/BCA,,,,,,,,,,
Piper Freeman,MBA,744378321537712,M.Tech,,,,,,,,,,
Quinton Lawrence,MCA,1689832095250872,M.Com,,,,,,,,,,
Riley Patterson,PhD,386935925609742,M.Tech,,,,,,,,,,
Shane Butler,B.Com,288941837754490,M.Tech/B.Tech,,,,,,,,,,
Tanya Edwards,B.Tech,2023971849029141,M.Tech/B.Tech,,,,,,,,,,
Ulysses Ross,BA,2766046917871089,M.Com,,,,,,,,,,
Vivian Hughes,BBA,884852662117570,MCA,,,,,,,,,,
Wayne Rogers,BCA,1101790486004984,PhD,,,,,,,,,,
Xander Dixon,B.Com,2421443788616217,MCA,,,,,,,,,,
Yasmine Barrett,M.Tech,1749544446850670,PhD,,,,,,,,,,
Zane Cole,MBA,1472327045419647,M.Tech,,,,,,,,,,
Abigail Porter,MCA,188217896672379,M.Com,,,,,,,,,,
Blake Townsend,PhD,1345454711398268,M.Com,,,,,,,,,,
Cynthia Hayes,B.Com,2504297733499449,M.Tech/B.Tech,,,,,,,,,,
Dylan Walker,B.Tech,2974277816309412,M.Tech/B.Tech,,,,,,,,,,
Elise Sanders,BA,72800592741100,M.Tech/B.Tech,,,,,,,,,,
Francis Hicks,BBA,40922581652370,BA,,,,,,,,,,
Gloria Long,BCA,148163857946816,M.Tech,,,,,,,,,,
Hunter Marshall,B.Com,2912686024304965,M.Tech,,,,,,,,,,
Isabel Rivera,M.Tech,2051493722156139,M.Com,,,,,,,,,,
Jason Bell,MBA,222638050209965,PhD,,,,,,,,,,
Kate Hughes,MCA,1689481939631362,M.Tech/B.Tech,,,,,,,,,,
Liam Martin,PhD,2421662116711767,MCA/BCA,,,,,,,,,,
Megan White,B.Com,273337118353274,MCA/BCA,,,,,,,,,,
Noah Cooper,B.Tech,577211763504566,PhD,,,,,,,,,,
Ophelia Barnes,BA,824024682569388,M.Tech,,,,,,,,,,
Parker Wood,BBA,3096609007532611,MBA/BBA,,,,,,,,,,
Quincy Young,BCA,2723378277276485,PhD,,,,,,,,,,
Rachel King,B.Com,1512255509797067,BA,,,,,,,,,,
Sophia Lee,M.Tech,773347391625286,PhD,,,,,,,,,,
Tyler Adams,MBA,1616525240435044,M.Com,,,,,,,,,,
Ulysses Clark,MCA,1198963877133764,PhD,,,,,,,,,,
Victoria Morgan,PhD,418081169195063,M.Tech/B.Tech,,,,,,,,,,
John Doe,B.Com,2497732438691862,M.Tech,,,,,,,,,,
Jane Smith,B.Tech,1840462025419703,M.Tech,,,,,,,,,,
Alice Johnson,BA,2648155458436246,M.Com,,,,,,,,,,
Bob Brown,BBA,3020706461775166,M.Tech,,,,,,,,,,
Charlie Davis,BCA,1285298931462395,MBA,,,,,,,,,,
Emily White,B.Com,2144388533438792,M.Tech/B.Tech,,,,,,,,,,
George Harris,M.Tech,1853604249162653,BA,,,,,,,,,,
Hannah Martin,MBA,739866129797842,MBA,,,,,,,,,,
Ian Clark,MCA,1995350478263766,MBA/BBA,,,,,,,,,,
Jessica Lewis,PhD,2049393161746282,M.Tech/B.Tech,,,,,,,,,,
Karen Thompson,B.Com,1964096428992705,MBA,,,,,,,,,,
Larry Anderson,B.Tech,694680915572880,MBA,,,,,,,,,,
Monica Hall,BA,1262797495134226,MCA/BCA,,,,,,,,,,
Nathan Allen,BBA,786929777568306,M.Com,,,,,,,,,,
Olivia Young,BCA,57981670145803,MCA/BCA,,,,,,,,,,
Paul King,B.Com,548936798138525,MCA,,,,,,,,,,
Quinn Wright,M.Tech,2398682811030169,M.Tech,,,,,,,,,,
Rachel Scott,MBA,1774516911518640,PhD,,,,,,,,,,
Steve Adams,MCA,306016090911435,MCA,,,,,,,,,,
Tina Baker,PhD,3061446752206871,M.Com,,,,,,,,,,
Uma Phillips,B.Com,266242073421083,PhD,,,,,,,,,,
Victor Roberts,B.Tech,1441877065109934,BA,,,,,,,,,,
Wendy Evans,BA,966650422072366,M.Tech,,,,,,,,,,
Xander Collins,BBA,2380500351481719,MBA/BBA,,,,,,,,,,
Yvonne Stewart,BCA,1981730295243808,MCA,,,,,,,,,,
Zachary Turner,B.Com,166795681428216,MBA,,,,,,,,,,
Aaron Wood,M.Tech,3065354387066140,MCA,,,,,,,,,,
Bella Watson,MBA,1894521185840048,MCA/BCA,,,,,,,,,,
Cameron Reed,MCA,1140429647542292,BA,,,,,,,,,,
Diana Murphy,PhD,225190937608880,BA,,,,,,,,,,
Ethan Parker,B.Com,591580246152065,M.Tech/B.Tech,,,,,,,,,,
Fiona Bailey,B.Tech,412029969129672,MBA,,,,,,,,,,
Gavin Nelson,BA,2459929470645310,MBA,,,,,,,,,,
Hazel Rivera,BBA,1610592842191022,M.Tech,,,,,,,,,,
Isaac Brooks,BCA,1073442790861359,M.Tech,,,,,,,,,,
Julia Barnes,B.Com,1539263063347944,MBA/BBA,,,,,,,,,,
Kevin Mitchell,M.Tech,1970493651313580,M.Com,,,,,,,,,,
Luna Gray,MBA,929753245534249,PhD,,,,,,,,,,
Michael Hayes,MCA,691709241515804,MCA,,,,,,,,,,
Nina Simmons,PhD,572289767091970,MCA,,,,,,,,,,
Oscar Foster,B.Com,1712019798732299,M.Com,,,,,,,,,,
Paula Ward,B.Tech,1096712901596326,BA,,,,,,,,,,
Quincy Hughes,BA,3009534177258410,M.Tech,,,,,,,,,,
Ruby Powell,BBA,1245197199175948,M.Tech/B.Tech,,,,,,,,,,
Samuel Russell,BCA,2647621495658127,MBA,,,,,,,,,,
Taylor Carter,B.Com,3031240542030912,MBA,,,,,,,,,,
Ursula Howard,M.Tech,9039196673230,M.Com,,,,,,,,,,
Victor Morgan,MBA,1442980337121238,MCA/BCA,,,,,,,,,,
Walter Bell,MCA,1130337501146476,MBA,,,,,,,,,,
Xena Bryant,PhD,2061641739444640,MCA/BCA,,,,,,,,,,
Yara Sanders,B.Com,2096327049603757,M.Tech/B.Tech,,,,,,,,,,
Zoe Jenkins,B.Tech,1377475145823410,M.Tech,,,,,,,,,,
Anthony Long,BA,994078073403295,M.Tech/B.Tech,,,,,,,,,,
Brittany Patterson,BBA,1225855546859616,M.Com,,,,,,,,,,
Carlos Coleman,BCA,2639193524622832,M.Tech,,,,,,,,,,
Danielle Rogers,B.Com,983615469147512,M.Com,,,,,,,,,,
Eleanor Perry,M.Tech,2516347443552908,MCA/BCA,,,,,,,,,,
Frankie Alexander,MBA,1314550353046504,M.Tech,,,,,,,,,,
Gina Butler,MCA,1882853188263499,MBA/BBA,,,,,,,,,,
Harold Webb,PhD,2661828335076771,MBA,,,,,,,,,,
Ivy Fuller,B.Com,2859403459988288,MBA,,,,,,,,,,
Jackie Harper,B.Tech,2382673250573351,M.Tech/B.Tech,,,,,,,,,,
Kurt Matthews,BA,63130933296968,M.Tech,,,,,,,,,,
Lara Jennings,BBA,2383642017190423,MBA/BBA,,,,,,,,,,
Mason Rhodes,BCA,1400263350909761,M.Tech,,,,,,,,,,
Nora Greene,B.Com,3038257032555306,M.Com,,,,,,,,,,
Owen Perry,M.Tech,2916508598213823,MBA/BBA,,,,,,,,,,
Piper Freeman,MBA,2599152332801097,M.Tech/B.Tech,,,,,,,,,,
Quinton Lawrence,MCA,2017598477069556,M.Tech,,,,,,,,,,
Riley Patterson,PhD,1199552375893512,MCA,,,,,,,,,,
Shane Butler,B.Com,2622321370377340,MBA/BBA,,,,,,,,,,
Tanya Edwards,B.Tech,2212352981116641,M.Tech,,,,,,,,,,
Ulysses Ross,BA,2818762893904897,MCA/BCA,,,,,,,,,,
Vivian Hughes,BBA,652801368476574,M.Tech,,,,,,,,,,
Wayne Rogers,BCA,2229398729320499,M.Tech,,,,,,,,,,
Xander Dixon,B.Com,2656767636912653,MCA,,,,,,,,,,
Yasmine Barrett,M.Tech,2606667967427909,M.Com,,,,,,,,,,
Zane Cole,MBA,593675884325624,M.Com,,,,,,,,,,
Abigail Porter,MCA,2046269932367713,M.Tech/B.Tech,,,,,,,,,,
Blake Townsend,PhD,456051058282635,MBA/BBA,,,,,,,,,,
Cynthia Hayes,B.Com,547405486909590,MBA/BBA,,,,,,,,,,
Dylan Walker,B.Tech,1364305364283891,MCA/BCA,,,,,,,,,,
Elise Sanders,BA,440705193436461,M.Com,,,,,,,,,,
Francis Hicks,BBA,1995436013511693,PhD,,,,,,,,,,
Gloria Long,BCA,443217784381796,MCA,,,,,,,,,,
Hunter Marshall,B.Com,1323558270902093,MBA/BBA,,,,,,,,,,
Isabel Rivera,M.Tech,1176145444831178,M.Tech,,,,,,,,,,
Jason Bell,MBA,1901774038089724,M.Tech/B.Tech,,,,,,,,,,
Kate Hughes,MCA,1092152760580591,M.Tech,,,,,,,,,,
Liam Martin,PhD,1201160030667016,MCA/BCA,,,,,,,,,,
Megan White,B.Com,2429298219994028,M.Tech/B.Tech,,,,,,,,,,
Noah Cooper,B.Tech,659187826879414,MCA/BCA,,,,,,,,,,
Ophelia Barnes,BA,543928597169568,M.Tech,,,,,,,,,,
Parker Wood,BBA,2586689383653280,M.Tech/B.Tech,,,,,,,,,,
Quincy Young,BCA,1543222313982376,MCA/BCA,,,,,,,,,,
Rachel King,B.Com,1522018637890986,BA,,,,,,,,,,
Sophia Lee,M.Tech,2622952162296955,PhD,,,,,,,,,,
Tyler Adams,MBA,2311726303845033,M.Com,,,,,,,,,,
Ulysses Clark,MCA,338506368421181,MBA,,,,,,,,,,
Victoria Morgan,PhD,2718245829033657,M.Com,,,,,,,,,,
John Doe,B.Com,2949511736952871,M.Tech/B.Tech,,,,,,,,,,
Jane Smith,B.Tech,2496898870524593,M.Com,,,,,,,,,,
Alice Johnson,BA,1146610732516604,PhD,,,,,,,,,,
Bob Brown,BBA,1628292934486581,M.Tech/B.Tech,,,,,,,,,,
Charlie Davis,BCA,1127484181574595,M.Com,,,,,,,,,,
Emily White,B.Com,723171043133877,M.Com,,,,,,,,,,
George Harris,M.Tech,2692840892291067,M.Tech,,,,,,,,,,
Hannah Martin,MBA,2610900027467811,MBA,,,,,,,,,,
Ian Clark,MCA,322390577664001,M.Com,,,,,,,,,,
Jessica Lewis,PhD,1031912290957736,MCA/BCA,,,,,,,,,,
Karen Thompson,B.Com,2244590250235055,BA,,,,,,,,,,
Larry Anderson,B.Tech,830586177954485,M.Com,,,,,,,,,,
Monica Hall,BA,1253344716349662,BA,,,,,,,,,,
Nathan Allen,BBA,1309442989615351,PhD,,,,,,,,,,
Olivia Young,BCA,1332881322791377,MCA,,,,,,,,,,
Paul King,B.Com,1624830617832637,MBA,,,,,,,,,,
Quinn Wright,M.Tech,919325606331792,M.Com,,,,,,,,,,
Rachel Scott,MBA,2728098482904385,M.Tech/B.Tech,,,,,,,,,,
Steve Adams,MCA,395253196166585,M.Tech/B.Tech,,,,,,,,,,
Tina Baker,PhD,127772837015261,M.Tech,,,,,,,,,,
Uma Phillips,B.Com,161230026511942,MCA,,,,,,,,,,
Victor Roberts,B.Tech,81396878227519,M.Com,,,,,,,,,,
Wendy Evans,BA,1442967264424921,MCA/BCA,,,,,,,,,,
Xander Collins,BBA,521701516123769,MCA/BCA,,,,,,,,,,
Yvonne Stewart,BCA,1650388917845894,MCA/BCA,,,,,,,,,,
Zachary Turner,B.Com,470236390511591,M.Com,,,,,,,,,,
Aaron Wood,M.Tech,2238888202696420,MBA/BBA,,,,,,,,,,
Bella Watson,MBA,314736161358826,M.Com,,,,,,,,,,
Cameron Reed,MCA,1404880356445312,MBA,,,,,,,,,,
Diana Murphy,PhD,2085021594367034,M.Tech/B.Tech,,,,,,,,,,
Ethan Parker,B.Com,597051622284044,M.Tech/B.Tech,,,,,,,,,,
Fiona Bailey,B.Tech,1594134257264563,M.Com,,,,,,,,,,
Gavin Nelson,BA,1897889866490987,M.Tech/B.Tech,,,,,,,,,,
Hazel Rivera,BBA,1974603023004542,MCA,,,,,,,,,,
Isaac Brooks,BCA,2662901629347449,MBA,,,,,,,,,,
Julia Barnes,B.Com,2932854838123575,M.Com,,,,,,,,,,
Kevin Mitchell,M.Tech,118698764050766,M.Com,,,,,,,,,,
Luna Gray,MBA,2368329726744280,PhD,,,,,,,,,,
Michael Hayes,MCA,11389387326971,MBA/BBA,,,,,,,,,,
Nina Simmons,PhD,1210882783953236,PhD,,,,,,,,,,
Oscar Foster,B.Com,1051913459379989,BA,,,,,,,,,,
Paula Ward,B.Tech,489667487602777,BA,,,,,,,,,,
Quincy Hughes,BA,1349423184681911,M.Tech/B.Tech,,,,,,,,,,
Ruby Powell,BBA,2241417830595973,M.Tech/B.Tech,,,,,,,,,,
Samuel Russell,BCA,43398361800795,M.Tech/B.Tech,,,,,,,,,,
Taylor Carter,B.Com,2996765481548795,M.Tech,,,,,,,,,,
Ursula Howard,M.Tech,2081143582367273,MCA,,,,,,,,,,
Victor Morgan,MBA,1926528247647629,MBA/BBA,,,,,,,,,,
Walter Bell,MCA,2446867965034538,BA,,,,,,,,,,
Xena Bryant,PhD,1217483326695886,PhD,,,,,,,,,,
Yara Sanders,B.Com,1928723712014355,M.Com,,,,,,,,,,
Zoe Jenkins,B.Tech,2380984392796015,BA,,,,,,,,,,
Anthony Long,BA,1370614736291327,M.Tech,,,,,,,,,,
Brittany Patterson,BBA,2285304385042142,M.Com,,,,,,,,,,
Carlos Coleman,BCA,2609636866346261,M.Com,,,,,,,,,,
Danielle Rogers,B.Com,1269881645380601,MBA/BBA,,,,,,,,,,
Eleanor Perry,M.Tech,1035962466538619,MBA,,,,,,,,,,
Frankie Alexander,MBA,1399880299058419,M.Com,,,,,,,,,,
Gina Butler,MCA,2682885019918421,MCA,,,,,,,,,,
Harold Webb,PhD,1115649817553253,M.Tech,,,,,,,,,,
Ivy Fuller,B.Com,2309422484185919,BA,,,,,,,,,,
Jackie Harper,B.Tech,295298876117604,M.Com,,,,,,,,,,
Kurt Matthews,BA,2342102969436325,MCA,,,,,,,,,,
Lara Jennings,BBA,1890212327591166,M.Tech,,,,,,,,,,
Mason Rhodes,BCA,3089872708320804,MBA,,,,,,,,,,
Nora Greene,B.Com,19927137147114,PhD,,,,,,,,,,
Owen Perry,M.Tech,1524163597812972,BA,,,,,,,,,,
Piper Freeman,MBA,944682973338694,PhD,,,,,,,,,,
Quinton Lawrence,MCA,1571015386458127,M.Com,,,,,,,,,,
Riley Patterson,PhD,565509212351846,BA,,,,,,,,,,
Shane Butler,B.Com,2401003010584088,M.Com,,,,,,,,,,
Tanya Edwards,B.Tech,2470335102459779,M.Com,,,,,,,,,,
Ulysses Ross,BA,706279859770063,M.Com,,,,,,,,,,
Vivian Hughes,BBA,630481464681167,PhD,,,,,,,,,,
Wayne Rogers,BCA,1336610227770938,BA,,,,,,,,,,
Xander Dixon,B.Com,2850305165720479,M.Com,,,,,,,,,,
Yasmine Barrett,M.Tech,90206306057788,MBA,,,,,,,,,,
Zane Cole,MBA,445041235639110,MCA/BCA,,,,,,,,,,
Abigail Porter,MCA,2868689538177074,M.Tech/B.Tech,,,,,,,,,,
Blake Townsend,PhD,964869807208718,M.Tech,,,,,,,,,,
Cynthia Hayes,B.Com,926810512029747,MCA,,,,,,,,,,
Dylan Walker,B.Tech,2252366545787995,M.Com,,,,,,,,,,
Elise Sanders,BA,1256176335840374,M.Tech/B.Tech,,,,,,,,,,
Francis Hicks,BBA,929606414503529,MBA,,,,,,,,,,
Gloria Long,BCA,1240445359302047,BA,,,,,,,,,,
Hunter Marshall,B.Com,701549408699640,MCA/BCA,,,,,,,,,,
Isabel Rivera,M.Tech,1234194272393378,MBA/BBA,,,,,,,,,,
Jason Bell,MBA,1250744531059755,M.Com,,,,,,,,,,
Kate Hughes,MCA,608188331742668,M.Tech/B.Tech,,,,,,,,,,
Liam Martin,PhD,1970829435215308,M.Tech/B.Tech,,,,,,,,,,
Megan White,B.Com,525281655753384,MCA/BCA,,,,,,,,,,
Noah Cooper,B.Tech,898085188520725,M.Com,,,,,,,,,,
Ophelia Barnes,BA,2553132105460380,M.Com,,,,,,,,,,
Parker Wood,BBA,2575475516750376,M.Tech,,,,,,,,,,
Quincy Young,BCA,127305354728754,M.Tech/B.Tech,,,,,,,,,,
Rachel King,B.Com,2799041950001355,M.Tech/B.Tech,,,,,,,,,,
Sophia Lee,M.Tech,797989903806146,M.Com,,,,,,,,,,
Tyler Adams,MBA,979483445194273,MCA,,,,,,,,,,
Ulysses Clark,MCA,406587759130697,MBA,,,,,,,,,,
Victoria Morgan,PhD,1662109777348888,M.Tech/B.Tech,,,,,,,,,,
John Doe,B.Com,2396981913902322,PhD,,,,,,,,,,
Jane Smith,B.Tech,642095410675353,MBA/BBA,,,,,,,,,,
Alice Johnson,BA,2142370676486187,MBA,,,,,,,,,,
Bob Brown,BBA,602177630315335,M.Tech/B.Tech,,,,,,,,,,
Charlie Davis,BCA,722184685078158,BA,,,,,,,,,,
Emily White,B.Com,2660544686876974,M.Tech/B.Tech,,,,,,,,,,
George Harris,M.Tech,2180885658279269,M.Tech/B.Tech,,,,,,,,,,
Hannah Martin,MBA,481718543769097,M.Com,,,,,,,,,,
Ian Clark,MCA,2949373683956421,MCA,,,,,,,,,,
Jessica Lewis,PhD,1210716694494745,PhD,,,,,,,,,,
Karen Thompson,B.Com,3044350653716755,MBA,,,,,,,,,,
Larry Anderson,B.Tech,545037330114622,MBA/BBA,,,,,,,,,,
Monica Hall,BA,1709221687473586,M.Com,,,,,,,,,,
Nathan Allen,BBA,2307840348531283,M.Tech/B.Tech,,,,,,,,,,
Olivia Young,BCA,127179941154526,MBA/BBA,,,,,,,,,,
Paul King,B.Com,1962581702946607,BA,,,,,,,,,,
Quinn Wright,M.Tech,764557932436704,M.Tech/B.Tech,,,,,,,,,,
Rachel Scott,MBA,1289251819497161,MCA/BCA,,,,,,,,,,
Steve Adams,MCA,2350968807784203,M.Com,,,,,,,,,,
Tina Baker,PhD,1157560773593094,MCA,,,,,,,,,,
Uma Phillips,B.Com,106369463019998,MCA/BCA,,,,,,,,,,
Victor Roberts,B.Tech,656678407625538,M.Tech/B.Tech,,,,,,,,,,
Wendy Evans,BA,618130096032378,M.Com,,,,,,,,,,
Xander Collins,BBA,541530415683024,M.Com,,,,,,,,,,
Yvonne Stewart,BCA,1798329948423315,PhD,,,,,,,,,,
Zachary Turner,B.Com,1997446494058173,BA,,,,,,,,,,
Aaron Wood,M.Tech,3019618672123542,MCA/BCA,,,,,,,,,,
Bella Watson,MBA,2673370272297126,M.Com,,,,,,,,,,
Cameron Reed,MCA,646662069455062,MCA,,,,,,,,,,
Diana Murphy,PhD,278877884058183,MBA/BBA,,,,,,,,,,
Ethan Parker,B.Com,736337123606915,M.Tech,,,,,,,,,,
Fiona Bailey,B.Tech,3023389413900036,MBA/BBA,,,,,,,,,,
Gavin Nelson,BA,287573460673337,MCA,,,,,,,,,,
Hazel Rivera,BBA,1950395417509373,BA,,,,,,,,,,
Isaac Brooks,BCA,2249623231992165,MBA/BBA,,,,,,,,,,
Julia Barnes,B.Com,19984503035797,BA,,,,,,,,,,
Kevin Mitchell,M.Tech,994403317969629,MBA,,,,,,,,,,
Luna Gray,MBA,752199132854164,M.Tech,,,,,,,,,,
Michael Hayes,MCA,1320550532910588,MBA,,,,,,,,,,
Nina Simmons,PhD,721974750280587,M.Tech,,,,,,,,,,
Oscar Foster,B.Com,1725111147204690,MCA,,,,,,,,,,
Paula Ward,B.Tech,1936881654166667,MBA,,,,,,,,,,
Quincy Hughes,BA,725450117689704,M.Tech,,,,,,,,,,
Ruby Powell,BBA,1763057525320830,PhD,,,,,,,,,,
Samuel Russell,BCA,1840472006295844,BA,,,,,,,,,,
Taylor Carter,B.Com,712885200633565,MBA,,,,,,,,,,
Ursula Howard,M.Tech,2192491116658936,M.Tech/B.Tech,,,,,,,,,,
Victor Morgan,MBA,1628571005365395,M.Com,,,,,,,,,,
Walter Bell,MCA,1447046857284065,M.Tech/B.Tech,,,,,,,,,,
Xena Bryant,PhD,597445570742115,MCA/BCA,,,,,,,,,,
Yara Sanders,B.Com,3003167776059134,M.Tech/B.Tech,,,,,,,,,,
Zoe Jenkins,B.Tech,1108107325901763,MBA,,,,,,,,,,
Anthony Long,BA,2870546549252394,M.Com,,,,,,,,,,
Brittany Patterson,BBA,2994515138725294,M.Tech/B.Tech,,,,,,,,,,
Carlos Coleman,BCA,645387537302044,PhD,,,,,,,,,,
Danielle Rogers,B.Com,2747469432170847,M.Tech,,,,,,,,,,
Eleanor Perry,M.Tech,133525218101436,M.Com,,,,,,,,,,
Frankie Alexander,MBA,387786646229837,BA,,,,,,,,,,
Gina Butler,MCA,1091540129392405,MBA/BBA,,,,,,,,,,
Harold Webb,PhD,35477632910017,BA,,,,,,,,,,
Ivy Fuller,B.Com,823759790674092,BA,,,,,,,,,,
Jackie Harper,B.Tech,1100226011415881,BA,,,,,,,,,,
Kurt Matthews,BA,668060974215211,MCA,,,,,,,,,,
Lara Jennings,BBA,1797325641376271,MBA/BBA,,,,,,,,,,
Mason Rhodes,BCA,3015429289149751,M.Com,,,,,,,,,,
Nora Greene,B.Com,2397315394718648,M.Com,,,,,,,,,,
Owen Perry,M.Tech,2959379509373746,MCA,,,,,,,,,,
Piper Freeman,MBA,1922205585564707,M.Tech,,,,,,,,,,
Quinton Lawrence,MCA,101573916157303,MBA/BBA,,,,,,,,,,
Riley Patterson,PhD,3084558682768695,M.Com,,,,,,,,,,
Shane Butler,B.Com,1028091703083942,M.Com,,,,,,,,,,
Tanya Edwards,B.Tech,919330074139881,M.Tech/B.Tech,,,,,,,,,,
Ulysses Ross,BA,826032116926537,MCA/BCA,,,,,,,,,,
Vivian Hughes,BBA,1557565129858656,M.Com,,,,,,,,,,
Wayne Rogers,BCA,1141854539601184,PhD,,,,,,,,,,
Xander Dixon,B.Com,1619443923190995,BA,,,,,,,,,,
Yasmine Barrett,M.Tech,1353461564538280,M.Tech,,,,,,,,,,
Zane Cole,MBA,562496115987149,MBA/BBA,,,,,,,,,,
Abigail Porter,MCA,2466750721870912,MBA,,,,,,,,,,
Blake Townsend,PhD,2032206964124782,MBA/BBA,,,,,,,,,,
Cynthia Hayes,B.Com,550037765195015,MCA,,,,,,,,,,
Dylan Walker,B.Tech,2782721503433717,MBA/BBA,,,,,,,,,,
Elise Sanders,BA,2536982365939766,M.Com,,,,,,,,,,
Francis Hicks,BBA,702606894821909,BA,,,,,,,,,,
Gloria Long,BCA,2710049392003632,MCA/BCA,,,,,,,,,,
Hunter Marshall,B.Com,1517044507024662,M.Com,,,,,,,,,,
Isabel Rivera,M.Tech,1301925695297428,BA,,,,,,,,,,
Jason Bell,MBA,796904812848350,MBA/BBA,,,,,,,,,,
Kate Hughes,MCA,1504475213048553,M.Tech/B.Tech,,,,,,,,,,
Liam Martin,PhD,25492121864742,PhD,,,,,,,,,,
Megan White,B.Com,517602182974770,MCA,,,,,,,,,,
Noah Cooper,B.Tech,3049817223846692,MBA/BBA,,,,,,,,,,
Ophelia Barnes,BA,406798033750380,M.Tech/B.Tech,,,,,,,,,,
Parker Wood,BBA,2307153516206719,M.Com,,,,,,,,,,
Quincy Young,BCA,330764774418098,M.Com,,,,,,,,,,
Rachel King,B.Com,1733586590357602,MBA,,,,,,,,,,
Sophia Lee,M.Tech,3056547484261897,MCA,,,,,,,,,,
Tyler Adams,MBA,404375413049749,M.Com,,,,,,,,,,
Ulysses Clark,MCA,2473955470099159,MBA/BBA,,,,,,,,,,
Victoria Morgan,PhD,2118923502565395,M.Tech,,,,,,,,,,
John Doe,B.Com,1634639595467370,M.Com,,,,,,,,,,
Jane Smith,B.Tech,1391201006904798,M.Tech/B.Tech,,,,,,,,,,
Alice Johnson,BA,819015008592228,MCA/BCA,,,,,,,,,,
Bob Brown,BBA,3014747272177137,M.Com,,,,,,,,,,
Charlie Davis,BCA,2211160207314452,M.Tech,,,,,,,,,,
Emily White,B.Com,2173122290486,M.Com,,,,,,,,,,
George Harris,M.Tech,2347172816045402,PhD,,,,,,,,,,
Hannah Martin,MBA,2196143094425783,M.Com,,,,,,,,,,
Ian Clark,MCA,1241530629745861,M.Com,,,,,,,,,,
Jessica Lewis,PhD,105037936074034,BA,,,,,,,,,,
Karen Thompson,B.Com,2529746274825780,BA,,,,,,,,,,
Larry Anderson,B.Tech,698171318419051,MCA,,,,,,,,,,
Monica Hall,BA,1427243639846368,MCA/BCA,,,,,,,,,,
Nathan Allen,BBA,1671200548412275,BA,,,,,,,,,,
Olivia Young,BCA,593798148322197,M.Tech,,,,,,,,,,
Paul King,B.Com,1391430826820681,MCA/BCA,,,,,,,,,,
Quinn Wright,M.Tech,2505213971303748,BA,,,,,,,,,,
Rachel Scott,MBA,1649353208384029,PhD,,,,,,,,,,
Steve Adams,MCA,1423526322179626,M.Tech/B.Tech,,,,,,,,,,
Tina Baker,PhD,1078403610645932,M.Com,,,,,,,,,,
Uma Phillips,B.Com,2819584556695127,M.Tech,,,,,,,,,,
Victor Roberts,B.Tech,2089870079943950,MCA/BCA,,,,,,,,,,
Wendy Evans,BA,1907902032587252,M.Com,,,,,,,,,,
Xander Collins,BBA,691583771765135,M.Com,,,,,,,,,,
Yvonne Stewart,BCA,300599914475757,MBA,,,,,,,,,,
Zachary Turner,B.Com,2387169112445909,MCA,,,,,,,,,,
Aaron Wood,M.Tech,1708229347922297,MCA,,,,,,,,,,
Bella Watson,MBA,1287822292878495,M.Com,,,,,,,,,,
Cameron Reed,MCA,1521531905731978,MBA,,,,,,,,,,
Diana Murphy,PhD,1414730705711922,MCA/BCA,,,,,,,,,,
Ethan Parker,B.Com,1485359938261669,M.Com,,,,,,,,,,
Fiona Bailey,B.Tech,1891199628252185,M.Tech,,,,,,,,,,
Gavin Nelson,BA,138418203007554,MCA,,,,,,,,,,
Hazel Rivera,BBA,1577620026551756,M.Com,,,,,,,,,,
Isaac Brooks,BCA,1856034285711676,M.Com,,,,,,,,,,
Julia Barnes,B.Com,2291616033246420,MBA,,,,,,,,,,
Kevin Mitchell,M.Tech,1659582771688686,BA,,,,,,,,,,
Luna Gray,MBA,2521984925358284,M.Tech,,,,,,,,,,
Michael Hayes,MCA,3038162966114249,M.Tech,,,,,,,,,,
Nina Simmons,PhD,1699072923777438,M.Com,,,,,,,,,,
Oscar Foster,B.Com,569275062748575,MBA/BBA,,,,,,,,,,
Paula Ward,B.Tech,1038712037768921,MBA,,,,,,,,,,
Quincy Hughes,BA,346239188068797,PhD,,,,,,,,,,
Ruby Powell,BBA,2369170340868245,M.Tech/B.Tech,,,,,,,,,,
Samuel Russell,BCA,2065918178830657,M.Tech,,,,,,,,,,
Taylor Carter,B.Com,528968186738005,MCA,,,,,,,,,,
Ursula Howard,M.Tech,1921975470951117,M.Tech,,,,,,,,,,
Victor Morgan,MBA,1221308168352439,BA,,,,,,,,,,
Walter Bell,MCA,424693999920913,M.Com,,,,,,,,,,
Xena Bryant,PhD,2834677018340783,MCA/BCA,,,,,,,,,,
Yara Sanders,B.Com,2987537344798763,MCA/BCA,,,,,,,,,,
Zoe Jenkins,B.Tech,2561134893466423,M.Tech,,,,,,,,,,
Anthony Long,BA,515759414812463,MCA,,,,,,,,,,
Brittany Patterson,BBA,2264496242884505,MBA/BBA,,,,,,,,,,
Carlos Coleman,BCA,255237673792668,BA,,,,,,,,,,
Danielle Rogers,B.Com,1227023571080475,M.Tech,,,,,,,,,,
Eleanor Perry,M.Tech,2856065253879295,BA,,,,,,,,,,
Frankie Alexander,MBA,243219404665372,MCA/BCA,,,,,,,,,,
Gina Butler,MCA,3073197350032307,M.Tech,,,,,,,,,,
Harold Webb,PhD,1102632855042626,MCA,,,,,,,,,,
Ivy Fuller,B.Com,1128727651801286,MBA/BBA,,,,,,,,,,
Jackie Harper,B.Tech,768680871766062,MBA/BBA,,,,,,,,,,
Kurt Matthews,BA,1896345609786915,M.Com,,,,,,,,,,
Lara Jennings,BBA,500029781929767,MBA/BBA,,,,,,,,,,
Mason Rhodes,BCA,2040957541238639,BA,,,,,,,,,,
Nora Greene,B.Com,1494011133056635,M.Tech,,,,,,,,,,
Owen Perry,M.Tech,1532082897054473,MBA,,,,,,,,,,
Piper Freeman,MBA,1388456802542394,M.Tech/B.Tech,,,,,,,,,,
Quinton Lawrence,MCA,2187016333134884,MBA,,,,,,,,,,
Riley Patterson,PhD,1263318697028635,MBA,,,,,,,,,,
Shane Butler,B.Com,17637322620995,M.Tech/B.Tech,,,,,,,,,,
Tanya Edwards,B.Tech,1263243667540296,PhD,,,,,,,,,,
Ulysses Ross,BA,1356054191420529,MBA,,,,,,,,,,
Vivian Hughes,BBA,1041337046781136,M.Com,,,,,,,,,,
Wayne Rogers,BCA,376071916782646,M.Tech/B.Tech,,,,,,,,,,
Xander Dixon,B.Com,3019411510332120,M.Com,,,,,,,,,,
Yasmine Barrett,M.Tech,2902293267723834,M.Com,,,,,,,,,,
Zane Cole,MBA,1115564708659245,BA,,,,,,,,,,
Abigail Porter,MCA,2417658796781226,M.Com,,,,,,,,,,
Blake Townsend,PhD,2549014805624921,M.Tech/B.Tech,,,,,,,,,,
Cynthia Hayes,B.Com,1643603098407476,M.Tech,,,,,,,,,,
Dylan Walker,B.Tech,2625276408916138,MBA/BBA,,,,,,,,,,
Elise Sanders,BA,1630065504680690,M.Com,,,,,,,,,,
Francis Hicks,BBA,147251726419096,M.Tech,,,,,,,,,,
Gloria Long,BCA,2636814936032944,M.Com,,,,,,,,,,
Hunter Marshall,B.Com,2880630531367897,MCA,,,,,,,,,,
Isabel Rivera,M.Tech,683360633666748,M.Com,,,,,,,,,,
Jason Bell,MBA,1278162596919389,MCA,,,,,,,,,,
Kate Hughes,MCA,2329323688660023,PhD,,,,,,,,,,
Liam Martin,PhD,3021010545100292,BA,,,,,,,,,,
Megan White,B.Com,2286892901678016,M.Tech/B.Tech,,,,,,,,,,
Noah Cooper,B.Tech,1608646302185652,BA,,,,,,,,,,
Ophelia Barnes,BA,801254031608030,PhD,,,,,,,,,,
Parker Wood,BBA,1785860686978537,PhD,,,,,,,,,,
Quincy Young,BCA,180992282446451,MBA,,,,,,,,,,
Rachel King,B.Com,2204826976058936,MCA,,,,,,,,,,
Sophia Lee,M.Tech,333866798461572,PhD,,,,,,,,,,
Tyler Adams,MBA,590208528082711,M.Tech/B.Tech,,,,,,,,,,
Ulysses Clark,MCA,1307502863538316,MCA/BCA,,,,,,,,,,
Victoria Morgan,PhD,1783038709502119,MCA/BCA,,,,,,,,,,
John Doe,B.Com,2402487286617504,M.Com,,,,,,,,,,
Jane Smith,B.Tech,2597584253329549,BA,,,,,,,,,,
Alice Johnson,BA,2014738967970045,M.Com,,,,,,,,,,
Bob Brown,BBA,1915499530327643,M.Com,,,,,,,,,,
Charlie Davis,BCA,1261619008036963,MBA/BBA,,,,,,,,,,
Emily White,B.Com,78558602635986,M.Com,,,,,,,,,,
George Harris,M.Tech,1446023813980282,MCA,,,,,,,,,,
Hannah Martin,MBA,2401059834225792,MBA/BBA,,,,,,,,,,
Ian Clark,MCA,944305315083006,M.Tech,,,,,,,,,,
Jessica Lewis,PhD,914684012194559,BA,,,,,,,,,,
Karen Thompson,B.Com,465659643464497,MBA,,,,,,,,,,
Larry Anderson,B.Tech,2925970585004795,MCA/BCA,,,,,,,,,,
Monica Hall,BA,330355657547739,M.Tech/B.Tech,,,,,,,,,,
Nathan Allen,BBA,392760471034312,PhD,,,,,,,,,,
Olivia Young,BCA,2714334994460383,BA,,,,,,,,,,
Paul King,B.Com,394946821336786,M.Tech,,,,,,,,,,
Quinn Wright,M.Tech,1052036726351720,M.Com,,,,,,,,,,
Rachel Scott,MBA,1479877984671157,MBA,,,,,,,,,,
Steve Adams,MCA,950917053279067,MBA,,,,,,,,,,
Tina Baker,PhD,865657578997344,M.Tech,,,,,,,,,,
Uma Phillips,B.Com,927843189648168,MBA,,,,,,,,,,
Victor Roberts,B.Tech,187667308866805,M.Com,,,,,,,,,,
Wendy Evans,BA,1255868565292860,M.Tech,,,,,,,,,,
Xander Collins,BBA,190798404014818,M.Tech,,,,,,,,,,
Yvonne Stewart,BCA,1610693090926888,MBA/BBA,,,,,,,,,,
Zachary Turner,B.Com,16754769137965,MCA/BCA,,,,,,,,,,
Aaron Wood,M.Tech,2062134793804492,MCA,,,,,,,,,,
Bella Watson,MBA,1081678402253816,M.Tech,,,,,,,,,,
Cameron Reed,MCA,1085255470768647,MBA,,,,,,,,,,
Diana Murphy,PhD,1344913041635056,PhD,,,,,,,,,,
Ethan Parker,B.Com,2912284921275017,M.Com,,,,,,,,,,
Fiona Bailey,B.Tech,1508303925501835,BA,,,,,,,,,,
Gavin Nelson,BA,947947245527924,M.Tech,,,,,,,,,,
Hazel Rivera,BBA,505713735553936,MBA/BBA,,,,,,,,,,
Isaac Brooks,BCA,447410138591378,M.Tech,,,,,,,,,,
Julia Barnes,B.Com,2754220383242813,MCA/BCA,,,,,,,,,,
Kevin Mitchell,M.Tech,1615893049431349,M.Com,,,,,,,,,,
Luna Gray,MBA,3045184838825469,M.Tech/B.Tech,,,,,,,,,,
Michael Hayes,MCA,2414840055094733,MBA/BBA,,,,,,,,,,
Nina Simmons,PhD,3017016040085166,M.Com,,,,,,,,,,
Oscar Foster,B.Com,1963966451104578,PhD,,,,,,,,,,
Paula Ward,B.Tech,2157720125882797,MBA,,,,,,,,,,
Quincy Hughes,BA,1503090758858633,M.Com,,,,,,,,,,
Ruby Powell,BBA,340976050461310,PhD,,,,,,,,,,
Samuel Russell,BCA,808000112469872,MBA/BBA,,,,,,,,,,
Taylor Carter,B.Com,3064420457795563,M.Tech,,,,,,,,,,
Ursula Howard,M.Tech,1062857746044619,M.Com,,,,,,,,,,
Victor Morgan,MBA,148231967382049,BA,,,,,,,,,,
Walter Bell,MCA,2213723516031168,M.Com,,,,,,,,,,
Xena Bryant,PhD,389902054685750,M.Com,,,,,,,,,,
Yara Sanders,B.Com,3079208650829838,PhD,,,,,,,,,,
Zoe Jenkins,B.Tech,441473044734741,MBA,,,,,,,,,,
Anthony Long,BA,2844215897238973,PhD,,,,,,,,,,
Brittany Patterson,BBA,102034082897326,M.Com,,,,,,,,,,
Carlos Coleman,BCA,2160049171408970,BA,,,,,,,,,,
Danielle Rogers,B.Com,2158671261485614,MCA,,,,,,,,,,
Eleanor Perry,M.Tech,786476694326389,M.Tech/B.Tech,,,,,,,,,,
Frankie Alexander,MBA,623041058553775,M.Tech/B.Tech,,,,,,,,,,
Gina Butler,MCA,1788171618822349,MCA,,,,,,,,,,
Harold Webb,PhD,2012124563864849,MBA,,,,,,,,,,
Ivy Fuller,B.Com,1721976357171093,BA,,,,,,,,,,
Jackie Harper,B.Tech,1573958054748606,PhD,,,,,,,,,,
Kurt Matthews,BA,1588379084815842,MBA/BBA,,,,,,,,,,
Lara Jennings,BBA,2612020174010291,MBA,,,,,,,,,,
Mason Rhodes,BCA,1864996850784532,MCA/BCA,,,,,,,,,,
Nora Greene,B.Com,983269529704043,BA,,,,,,,,,,
Owen Perry,M.Tech,1228713658577546,M.Com,,,,,,,,,,
Piper Freeman,MBA,2422118320988623,MCA/BCA,,,,,,,,,,
Quinton Lawrence,MCA,2578487476345119,M.Com,,,,,,,,,,
Riley Patterson,PhD,2086601866863652,BA,,,,,,,,,,
Shane Butler,B.Com,969611319441768,BA,,,,,,,,,,
Tanya Edwards,B.Tech,992841148160090,MBA,,,,,,,,,,
Ulysses Ross,BA,2972373854233073,MBA,,,,,,,,,,
Vivian Hughes,BBA,2734683016936282,PhD,,,,,,,,,,
Wayne Rogers,BCA,2569927492697256,PhD,,,,,,,,,,
Xander Dixon,B.Com,2448294446717999,BA,,,,,,,,,,
Yasmine Barrett,M.Tech,1134911970816309,MBA/BBA,,,,,,,,,,
Zane Cole,MBA,310150928184070,BA,,,,,,,,,,
Abigail Porter,MCA,1631476822520297,PhD,,,,,,,,,,
Blake Townsend,PhD,936491442412507,MCA,,,,,,,,,,
Cynthia Hayes,B.Com,2371027231042371,MBA,,,,,,,,,,
Dylan Walker,B.Tech,1757115851712998,BA,,,,,,,,,,
Elise Sanders,BA,578358298146361,MCA/BCA,,,,,,,,,,
Francis Hicks,BBA,623785904226895,M.Com,,,,,,,,,,
Gloria Long,BCA,2058089793558555,M.Tech,,,,,,,,,,
Hunter Marshall,B.Com,1139563156888310,MCA/BCA,,,,,,,,,,
Isabel Rivera,M.Tech,2379597339445196,M.Com,,,,,,,,,,
Jason Bell,MBA,1928699325938518,MBA/BBA,,,,,,,,,,
Kate Hughes,MCA,2315211028269394,MBA,,,,,,,,,,
Liam Martin,PhD,1105497374507407,MCA/BCA,,,,,,,,,,
Megan White,B.Com,1789336225107339,MCA,,,,,,,,,,
Noah Cooper,B.Tech,1981430910491835,M.Tech/B.Tech,,,,,,,,,,
Ophelia Barnes,BA,914029362821084,M.Tech,,,,,,,,,,
Parker Wood,BBA,2813728189519821,MBA,,,,,,,,,,
Quincy Young,BCA,2006777111523978,BA,,,,,,,,,,
Rachel King,B.Com,2479897983670997,M.Tech,,,,,,,,,,
Sophia Lee,M.Tech,1459250089624353,MCA,,,,,,,,,,
Tyler Adams,MBA,2329568533791555,BA,,,,,,,,,,
Ulysses Clark,MCA,2762130060328669,M.Com,,,,,,,,,,
Victoria Morgan,PhD,2062168300293160,M.Tech,,,,,,,,,,
John Doe,B.Com,1629568363085115,BA,,,,,,,,,,
Jane Smith,B.Tech,2532665674417862,MCA,,,,,,,,,,
Alice Johnson,BA,1771822339210033,M.Tech,,,,,,,,,,
Bob Brown,BBA,724464906641642,M.Tech,,,,,,,,,,
Charlie Davis,BCA,257644575885777,MCA,,,,,,,,,,
Emily White,B.Com,3034532988232654,M.Com,,,,,,,,,,
George Harris,M.Tech,2530634605631377,MCA,,,,,,,,,,
Hannah Martin,MBA,1065084479005428,BA,,,,,,,,,,
Ian Clark,MCA,1976310910073962,MBA,,,,,,,,,,
Jessica Lewis,PhD,1925346152335073,MBA/BBA,,,,,,,,,,
Karen Thompson,B.Com,1527448561902831,M.Com,,,,,,,,,,
Larry Anderson,B.Tech,1135037354742117,MCA/BCA,,,,,,,,,,
Monica Hall,BA,2975104417637410,PhD,,,,,,,,,,
Nathan Allen,BBA,1333430991908579,MCA,,,,,,,,,,
Olivia Young,BCA,2116472290065384,BA,,,,,,,,,,
Paul King,B.Com,1359957753078521,M.Com,,,,,,,,,,
Quinn Wright,M.Tech,89484375679775,M.Com,,,,,,,,,,
Rachel Scott,MBA,1637333170872544,BA,,,,,,,,,,
Steve Adams,MCA,1965528869536164,BA,,,,,,,,,,
Tina Baker,PhD,2338675766517901,MBA/BBA,,,,,,,,,,
Uma Phillips,B.Com,2830526738179242,M.Tech/B.Tech,,,,,,,,,,
Victor Roberts,B.Tech,1421111105535200,PhD,,,,,,,,,,
Wendy Evans,BA,1932409784201019,MBA,,,,,,,,,,
Xander Collins,BBA,1498157730668031,MBA/BBA,,,,,,,,,,
Yvonne Stewart,BCA,711459898553984,MCA/BCA,,,,,,,,,,
Zachary Turner,B.Com,2393104539885627,BA,,,,,,,,,,
Aaron Wood,M.Tech,2627185404987723,PhD,,,,,,,,,,
Bella Watson,MBA,1933619626609188,M.Com,,,,,,,,,,
Cameron Reed,MCA,2692051495385745,BA,,,,,,,,,,
Diana Murphy,PhD,1911286718143584,MBA/BBA,,,,,,,,,,
Ethan Parker,B.Com,137841403116698,MBA/BBA,,,,,,,,,,
Fiona Bailey,B.Tech,291319057986938,M.Com,,,,,,,,,,
Gavin Nelson,BA,2856944853180221,M.Tech/B.Tech,,,,,,,,,,
Hazel Rivera,BBA,1731368656005846,MCA,,,,,,,,,,
Isaac Brooks,BCA,2914586243033963,MCA,,,,,,,,,,
Julia Barnes,B.Com,1081851227844027,PhD,,,,,,,,,,
Kevin Mitchell,M.Tech,1692406866083406,MCA,,,,,,,,,,
Luna Gray,MBA,293874600791367,M.Tech,,,,,,,,,,
Michael Hayes,MCA,1884600036407122,M.Tech/B.Tech,,,,,,,,,,
Nina Simmons,PhD,2764380218531526,MBA,,,,,,,,,,
Oscar Foster,B.Com,940460550513089,M.Com,,,,,,,,,,
Paula Ward,B.Tech,496922169663819,M.Tech/B.Tech,,,,,,,,,,
Quincy Hughes,BA,1149361221350630,MCA/BCA,,,,,,,,,,
Ruby Powell,BBA,1252829260379029,M.Com,,,,,,,,,,
Samuel Russell,BCA,1158546024470369,PhD,,,,,,,,,,
Taylor Carter,B.Com,1103737626389675,MCA/BCA,,,,,,,,,,
Ursula Howard,M.Tech,994270784904917,PhD,,,,,,,,,,
Victor Morgan,MBA,2479231166867106,M.Tech,,,,,,,,,,
Walter Bell,MCA,962102332847863,MBA/BBA,,,,,,,,,,
Xena Bryant,PhD,871956149117442,PhD,,,,,,,,,,
Yara Sanders,B.Com,1301749271656764,PhD,,,,,,,,,,
Zoe Jenkins,B.Tech,701875223208456,PhD,,,,,,,,,,
Anthony Long,BA,2968610120019654,MCA/BCA,,,,,,,,,,
Brittany Patterson,BBA,3037506717494534,M.Com,,,,,,,,,,
Carlos Coleman,BCA,2073990360751128,PhD,,,,,,,,,,
Danielle Rogers,B.Com,1193196615101078,MBA,,,,,,,,,,
Eleanor Perry,M.Tech,437970929034062,M.Com,,,,,,,,,,
Frankie Alexander,MBA,2571506735689548,MBA/BBA,,,,,,,,,,
Gina Butler,MCA,2316755404526062,M.Com,,,,,,,,,,
Harold Webb,PhD,1096275873768261,PhD,,,,,,,,,,
Ivy Fuller,B.Com,2576700225981224,M.Tech,,,,,,,,,,
Jackie Harper,B.Tech,2083629752537917,PhD,,,,,,,,,,
Kurt Matthews,BA,894449319093419,PhD,,,,,,,,,,
Lara Jennings,BBA,2880124304570810,M.Tech/B.Tech,,,,,,,,,,
Mason Rhodes,BCA,2788096035562736,M.Com,,,,,,,,,,
Nora Greene,B.Com,409647276475659,MBA,,,,,,,,,,
Owen Perry,M.Tech,510697582166707,M.Tech/B.Tech,,,,,,,,,,
Piper Freeman,MBA,1333492470050863,M.Tech,,,,,,,,,,
Quinton Lawrence,MCA,678032275742539,M.Com,,,,,,,,,,
Riley Patterson,PhD,1739904162290731,MBA,,,,,,,,,,
Shane Butler,B.Com,813425100450070,PhD,,,,,,,,,,
Tanya Edwards,B.Tech,2045866099164308,BA,,,,,,,,,,
Ulysses Ross,BA,604388800334707,BA,,,,,,,,,,
Vivian Hughes,BBA,200715325758379,M.Com,,,,,,,,,,
Wayne Rogers,BCA,761743453368938,PhD,,,,,,,,,,
Xander Dixon,B.Com,249157565406416,MBA,,,,,,,,,,
Yasmine Barrett,M.Tech,455826954371557,MBA,,,,,,,,,,
Zane Cole,MBA,234151403561835,MBA,,,,,,,,,,
Abigail Porter,MCA,1621083021900509,PhD,,,,,,,,,,
Blake Townsend,PhD,2014742310137621,M.Tech,,,,,,,,,,
Cynthia Hayes,B.Com,993985945966117,M.Com,,,,,,,,,,
Dylan Walker,B.Tech,1282823939964073,MCA/BCA,,,,,,,,,,
Elise Sanders,BA,493352656790548,M.Tech,,,,,,,,,,
Francis Hicks,BBA,192046595949966,PhD,,,,,,,,,,
Gloria Long,BCA,871036202148257,BA,,,,,,,,,,
Hunter Marshall,B.Com,2477197581103625,M.Com,,,,,,,,,,
Isabel Rivera,M.Tech,2378990584323118,MCA/BCA,,,,,,,,,,
Jason Bell,MBA,2772920393432912,MCA/BCA,,,,,,,,,,
Kate Hughes,MCA,412122881074810,BA,,,,,,,,,,
Liam Martin,PhD,1583065288960216,BA,,,,,,,,,,
Megan White,B.Com,609374822334547,MBA/BBA,,,,,,,,,,
Noah Cooper,B.Tech,861396363651251,M.Tech/B.Tech,,,,,,,,,,
Ophelia Barnes,BA,251725961170380,MCA,,,,,,,,,,
Parker Wood,BBA,1962407209279636,M.Tech,,,,,,,,,,
Quincy Young,BCA,822199200282802,M.Com,,,,,,,,,,
Rachel King,B.Com,1209001881156450,M.Com,,,,,,,,,,
Sophia Lee,M.Tech,650068951441453,M.Tech/B.Tech,,,,,,,,,,
Tyler Adams,MBA,2035114854816088,MBA,,,,,,,,,,
Ulysses Clark,MCA,249078123215894,M.Tech/B.Tech,,,,,,,,,,
Victoria Morgan,PhD,1624241457420189,M.Com,,,,,,,,,,
John Doe,B.Com,2322050828159407,PhD,,,,,,,,,,
Jane Smith,B.Tech,2634256542524146,M.Tech/B.Tech,,,,,,,,,,
Alice Johnson,BA,950046957627224,PhD,,,,,,,,,,
Bob Brown,BBA,352449931299581,M.Tech,,,,,,,,,,
Charlie Davis,BCA,929176489100591,M.Tech,,,,,,,,,,
Emily White,B.Com,2494900217634322,BA,,,,,,,,,,
George Harris,M.Tech,2778422404551238,MBA/BBA,,,,,,,,,,
Hannah Martin,MBA,1825496029907277,PhD,,,,,,,,,,
Ian Clark,MCA,2811803031153023,PhD,,,,,,,,,,
Jessica Lewis,PhD,991147490913394,MCA,,,,,,,,,,
Karen Thompson,B.Com,725553199947784,MBA,,,,,,,,,,
Larry Anderson,B.Tech,55319044754695,M.Tech,,,,,,,,,,
Monica Hall,BA,19066657210133,M.Com,,,,,,,,,,
Nathan Allen,BBA,3044543164397473,MCA/BCA,,,,,,,,,,
Olivia Young,BCA,1576972001856789,PhD,,,,,,,,,,
Paul King,B.Com,2269167149165310,MBA,,,,,,,,,,
Quinn Wright,M.Tech,825151692785293,MBA/BBA,,,,,,,,,,
Rachel Scott,MBA,379409915025719,MBA/BBA,,,,,,,,,,
Steve Adams,MCA,1747589964548354,MCA/BCA,,,,,,,,,,
Tina Baker,PhD,1347665419397836,M.Com,,,,,,,,,,
Uma Phillips,B.Com,2842643552063798,M.Com,,,,,,,,,,
Victor Roberts,B.Tech,1858609328890826,M.Com,,,,,,,,,,
Wendy Evans,BA,1156987280386634,PhD,,,,,,,,,,
Xander Collins,BBA,54613904427993,M.Com,,,,,,,,,,
Yvonne Stewart,BCA,2764602856924817,M.Com,,,,,,,,,,
Zachary Turner,B.Com,3045508876696240,M.Tech/B.Tech,,,,,,,,,,
Aaron Wood,M.Tech,1733241593280861,MBA,,,,,,,,,,
Bella Watson,MBA,1266848569911949,M.Tech,,,,,,,,,,
Cameron Reed,MCA,345284761621703,MCA,,,,,,,,,,
Diana Murphy,PhD,2383150010914573,PhD,,,,,,,,,,
Ethan Parker,B.Com,817010962507561,M.Com,,,,,,,,,,
Fiona Bailey,B.Tech,292300640643484,BA,,,,,,,,,,
Gavin Nelson,BA,259932849103036,PhD,,,,,,,,,,
Hazel Rivera,BBA,439635001230445,MCA/BCA,,,,,,,,,,
Isaac Brooks,BCA,975445975712816,MBA/BBA,,,,,,,,,,
Julia Barnes,B.Com,616305933381858,MBA,,,,,,,,,,
Kevin Mitchell,M.Tech,368090734554288,MCA/BCA,,,,,,,,,,
Luna Gray,MBA,2415722646873169,M.Tech/B.Tech,,,,,,,,,,
Michael Hayes,MCA,1703550973933876,PhD,,,,,,,,,,
Nina Simmons,PhD,1394417901791714,BA,,,,,,,,,,
Oscar Foster,B.Com,2817175138781171,M.Com,,,,,,,,,,
Paula Ward,B.Tech,2299896877329663,M.Tech,,,,,,,,,,
Quincy Hughes,BA,1177745751953494,MCA,,,,,,,,,,
Ruby Powell,BBA,1025517649476640,MCA,,,,,,,,,,
Samuel Russell,BCA,2334771238714847,M.Tech/B.Tech,,,,,,,,,,
Taylor Carter,B.Com,202998071610502,M.Com,,,,,,,,,,
Ursula Howard,M.Tech,1885522719590305,M.Com,,,,,,,,,,
Victor Morgan,MBA,1966686347112472,MBA,,,,,,,,,,
Walter Bell,MCA,293269574518835,MBA/BBA,,,,,,,,,,
Xena Bryant,PhD,1426339843281249,M.Tech,,,,,,,,,,
Yara Sanders,B.Com,2830621644983513,PhD,,,,,,,,,,
Zoe Jenkins,B.Tech,2816415895961849,MCA,,,,,,,,,,
Anthony Long,BA,1241633070721833,M.Tech/B.Tech,,,,,,,,,,
Brittany Patterson,BBA,1231642946392831,MBA,,,,,,,,,,
Carlos Coleman,BCA,1751509137358112,MBA/BBA,,,,,,,,,,
Danielle Rogers,B.Com,1364403150924548,M.Com,,,,,,,,,,
Eleanor Perry,M.Tech,1352961546097329,PhD,,,,,,,,,,
Frankie Alexander,MBA,14652424999130,M.Com,,,,,,,,,,
Gina Butler,MCA,245314686267879,PhD,,,,,,,,,,
Harold Webb,PhD,2050608091750635,M.Com,,,,,,,,,,
Ivy Fuller,B.Com,2227853003078128,MCA/BCA,,,,,,,,,,
Jackie Harper,B.Tech,2170046375698396,MCA,,,,,,,,,,
Kurt Matthews,BA,63593805572621,BA,,,,,,,,,,
Lara Jennings,BBA,107163905268634,MCA/BCA,,,,,,,,,,
Mason Rhodes,BCA,2934033454644295,MBA/BBA,,,,,,,,,,
Nora Greene,B.Com,1888191739953711,M.Tech/B.Tech,,,,,,,,,,
Owen Perry,M.Tech,293727784927886,BA,,,,,,,,,,
Piper Freeman,MBA,2859892496867560,M.Com,,,,,,,,,,
Quinton Lawrence,MCA,668808416916836,M.Tech,,,,,,,,,,
Riley Patterson,PhD,944873178903119,BA,,,,,,,,,,
Shane Butler,B.Com,355540072197479,MCA,,,,,,,,,,
Tanya Edwards,B.Tech,1526540910757523,M.Com,,,,,,,,,,
Ulysses Ross,BA,1936228618417364,MCA/BCA,,,,,,,,,,
Vivian Hughes,BBA,551501195771183,MBA,,,,,,,,,,
Wayne Rogers,BCA,443380960763487,M.Com,,,,,,,,,,
Xander Dixon,B.Com,2799289502093456,M.Com,,,,,,,,,,
Yasmine Barrett,M.Tech,2073220652563360,M.Tech/B.Tech,,,,,,,,,,
Zane Cole,MBA,1686004760142218,M.Com,,,,,,,,,,
Abigail Porter,MCA,2961169021365301,M.Com,,,,,,,,,,
Blake Townsend,PhD,1969594223159390,MBA/BBA,,,,,,,,,,
Cynthia Hayes,B.Com,128906734445795,M.Tech/B.Tech,,,,,,,,,,
Dylan Walker,B.Tech,988597020996341,M.Tech/B.Tech,,,,,,,,,,
Elise Sanders,BA,1501559093217800,M.Com,,,,,,,,,,
Francis Hicks,BBA,1400986986297763,BA,,,,,,,,,,
Gloria Long,BCA,2530788203957020,MBA,,,,,,,,,,
Hunter Marshall,B.Com,997639394575266,MCA,,,,,,,,,,
Isabel Rivera,M.Tech,2660287821778998,PhD,,,,,,,,,,
Jason Bell,MBA,2176804628650925,MCA/BCA,,,,,,,,,,
Kate Hughes,MCA,1507898976781186,PhD,,,,,,,,,,
Liam Martin,PhD,1782959321149804,M.Com,,,,,,,,,,
Megan White,B.Com,2156890806381592,M.Tech/B.Tech,,,,,,,,,,
Noah Cooper,B.Tech,192470696483159,M.Tech,,,,,,,,,,
Ophelia Barnes,BA,1420044448991937,M.Com,,,,,,,,,,
Parker Wood,BBA,138531586455616,M.Tech/B.Tech,,,,,,,,,,
Quincy Young,BCA,915240526216904,BA,,,,,,,,,,
Rachel King,B.Com,1998750489737436,MCA,,,,,,,,,,
Sophia Lee,M.Tech,626044006447695,M.Tech,,,,,,,,,,
Tyler Adams,MBA,2848758632747595,M.Com,,,,,,,,,,
Ulysses Clark,MCA,1371096280294706,M.Com,,,,,,,,,,
Victoria Morgan,PhD,1808901674634348,MBA,,,,,,,,,,
