"name","degree","JobId","Qualification"
"John Doe","B.Com","398454096642776","M.Com/B.Com"
"Jane Smith","M.Com","1089843540111562","M.Com"
"Alice Johnson","PhD","481640072963533","PhD"
"Bob Brown","BBA","1680293940995740","MBA/BBA"
"Charlie Davis","BCA","2696958764033354","MCA/BCA"
"George Harris","M.Tech","1446194141960546","M.Tech/B.Tech"
"Hannah Martin","MBA","117057806156508","MBA"
"Ian Clark","MCA","116831420231957","MCA"
"Jessica Lewis","PhD","688192671473044","PhD"
"Larry Anderson","B.Tech","940776147258900","M.Tech/B.Tech"
"Monica Hall","BA","2393104539885627","BA"
"Nathan Allen","BBA","2263070284964014","MBA/BBA"
"Olivia Young","BCA","1524311163188117","MCA/BCA"
"Quinn Wright","M.Tech","2823887164112482","M.Tech"
"Rachel Scott","MBA","2277355440844434","MBA"
"Steve Adams","MCA","1914121205954296","MCA"
"Tina Baker","PhD","1292168246729889","PhD"
"Victor Roberts","B.Tech","1624471339210844","M.Tech/B.Tech"
"Wendy Evans","BA","76902098772934","BA"
"Xander Collins","BBA","1355325262915901","MBA/BBA"
"Yvonne Stewart","BCA","1462699667162772","MCA/BCA"
"Aaron Wood","M.Tech","2508133000944341","M.Tech"
"Bella Watson","MBA","2812077440184777","MBA"
"Cameron Reed","MCA","1627539131873813","MCA"
"Diana Murphy","PhD","407980927519454","PhD"
"Fiona Bailey","B.Tech","1373513885523551","M.Tech/B.Tech"
"Gavin Nelson","BA","235216486127884","BA"
"Hazel Rivera","BBA","385983883133993","MBA/BBA"
"Isaac Brooks","BCA","2149248180059910","MCA/BCA"
"Kevin Mitchell","M.Tech","1504621983937621","M.Tech"
"Luna Gray","MBA","2530788203957020","MBA"
"Michael Hayes","MCA","2828247805840851","MCA"
"Nina Simmons","PhD","2808730603865187","PhD"
"Paula Ward","B.Tech","1932055874260837","M.Tech/B.Tech"
"Quincy Hughes","BA","2425661201998142","BA"
"Ruby Powell","BBA","751362291851303","MBA/BBA"
"Samuel Russell","BCA","972331080088144","MCA/BCA"
"Ursula Howard","M.Tech","2904879381492355","M.Tech/B.Tech"
"Victor Morgan","MBA","1119902432552693","MBA"
"Walter Bell","MCA","1623435902000493","MCA"
"Xena Bryant","PhD","3023207081599021","PhD"
"Zoe Jenkins","B.Tech","2853459439973158","M.Tech/B.Tech"
"Anthony Long","BA","2020637774150541","BA"
"Brittany Patterson","BBA","433363914105835","MBA/BBA"
"Carlos Coleman","BCA","2016798883546699","MCA/BCA"
"Eleanor Perry","M.Tech","1378095303036012","M.Tech"
"Frankie Alexander","MBA","2513773396059277","MBA"
"Gina Butler","MCA","1698918376329291","MCA"
"Harold Webb","PhD","1887042790868742","PhD"
"Jackie Harper","B.Tech","2417807352752173","M.Tech/B.Tech"
"Kurt Matthews","BA","419221709320780","BA"
"Lara Jennings","BBA","2932248483356055","MBA/BBA"
"Mason Rhodes","BCA","1786307353547155","MCA/BCA"
"Owen Perry","M.Tech","1101347351405871","M.Tech"
"Piper Freeman","MBA","2661828335076771","MBA"
"Quinton Lawrence","MCA","1070094687163912","MCA"
"Riley Patterson","PhD","832490435008360","PhD"
"Tanya Edwards","B.Tech","3047887559567685","M.Tech/B.Tech"
"Ulysses Ross","BA","487916817418719","BA"
"Vivian Hughes","BBA","1576493494098083","MBA/BBA"
"Wayne Rogers","BCA","2472658070216212","MCA/BCA"
"Yasmine Barrett","M.Tech","929230808515445","M.Tech/B.Tech"
"Zane Cole","MBA","1639064859293343","MBA"
"Abigail Porter","MCA","1853009264735274","MCA"
"Blake Townsend","PhD","401560922349533","PhD"
"Dylan Walker","B.Tech","1698412424394723","M.Tech/B.Tech"
"Elise Sanders","BA","1191707058920608","BA"
"Francis Hicks","BBA","2782181833230607","MBA/BBA"
"Gloria Long","BCA","2402497415714130","MCA/BCA"
"Isabel Rivera","M.Tech","18546437476934","M.Tech"
"Jason Bell","MBA","1343787400703296","MBA"
"Kate Hughes","MCA","3071871213659049","MCA"
"Liam Martin","PhD","1071377077337640","PhD"
"Noah Cooper","B.Tech","2758708236284517","M.Tech/B.Tech"
"Ophelia Barnes","BA","2283172037354283","BA"
"Parker Wood","BBA","2486987134318780","MBA/BBA"
"Quincy Young","BCA","481690518473663","MCA/BCA"
"Sophia Lee","M.Tech","2564411558603354","M.Tech"
"Tyler Adams","MBA","736772465708102","MBA"
"Ulysses Clark","MCA","448038582846953","MCA"
"Victoria Morgan","PhD","708801148206853","PhD"
"Jane Smith","B.Tech","159899705452293","M.Tech/B.Tech"
"Alice Johnson","BA","2163073019325612","BA"
"Bob Brown","BBA","1818505779836863","MBA/BBA"
"Charlie Davis","BCA","2086213551673449","MCA/BCA"
"George Harris","M.Tech","1929097039032752","M.Tech"
"Hannah Martin","MBA","2486345121644216","MBA"
"Ian Clark","MCA","955021882863115","MCA"
"Jessica Lewis","PhD","2073782399665928","PhD"
"Larry Anderson","B.Tech","309262081759453","M.Tech/B.Tech"
"Monica Hall","BA","914610059336401","BA"
"Nathan Allen","BBA","1291920446633595","MBA/BBA"
"Olivia Young","BCA","1615068533343634","MCA/BCA"
"Quinn Wright","M.Tech","593640137699935","M.Tech"
"Rachel Scott","MBA","1113406716985615","MBA"
"Steve Adams","MCA","823741303746808","MCA"
"Tina Baker","PhD","1280518284883759","PhD"
"Victor Roberts","B.Tech","2699711312301959","M.Tech/B.Tech"
"Wendy Evans","BA","1541299387735451","BA"
"Xander Collins","BBA","2044345326334646","MBA/BBA"
"Yvonne Stewart","BCA","183423976975680","MCA/BCA"
"Aaron Wood","M.Tech","1868744090564217","M.Tech"
"Bella Watson","MBA","2099928773598710","MBA"
"Cameron Reed","MCA","3038060774607784","MCA"
"Diana Murphy","PhD","1731387023566253","PhD"
"Fiona Bailey","B.Tech","939684600508925","M.Tech/B.Tech"
"Gavin Nelson","BA","747039157139311","BA"
"Hazel Rivera","BBA","2122997813566133","MBA/BBA"
"Isaac Brooks","BCA","1648324436294184","MCA/BCA"
"Kevin Mitchell","M.Tech","1459743010192052","M.Tech"
"Luna Gray","MBA","2431672854097570","MBA"
"Michael Hayes","MCA","2310106656757315","MCA"
"Nina Simmons","PhD","2971555555575053","PhD"
"Paula Ward","B.Tech","160399666386920","M.Tech/B.Tech"
"Quincy Hughes","BA","477744497300465","BA"
"Ruby Powell","BBA","3075016445480296","MBA/BBA"
"Samuel Russell","BCA","896725996951537","MCA/BCA"
"Ursula Howard","M.Tech","1431910295689572","M.Tech"
"Victor Morgan","MBA","2216368516992845","MBA"
"Walter Bell","MCA","837996888924170","MCA"
"Xena Bryant","PhD","2149397187330318","PhD"
"Zoe Jenkins","B.Tech","2194565341873404","M.Tech/B.Tech"
"Anthony Long","BA","3069647303473001","BA"
"Brittany Patterson","BBA","2511968801494022","MBA/BBA"
"Carlos Coleman","BCA","4495150416542","MCA/BCA"
"Eleanor Perry","M.Tech","2654597169216546","M.Tech"
"Frankie Alexander","MBA","2783507015640218","MBA"
"Gina Butler","MCA","1765690327734607","MCA"
"Harold Webb","PhD","114645271112371","PhD"
"Jackie Harper","B.Tech","65641569762684","M.Tech/B.Tech"
"Kurt Matthews","BA","436825460913302","BA"
"Lara Jennings","BBA","2025259871348429","MBA/BBA"
"Mason Rhodes","BCA","1724921779956441","MCA/BCA"
"Owen Perry","M.Tech","2894688809840","M.Tech"
"Piper Freeman","MBA","2277637152301006","MBA"
"Quinton Lawrence","MCA","2648750028613214","MCA"
"Riley Patterson","PhD","788184388862645","PhD"
"Tanya Edwards","B.Tech","773798251416336","M.Tech/B.Tech"
"Ulysses Ross","BA","1846193207686983","BA"
"Vivian Hughes","BBA","2739168200269021","MBA/BBA"
"Wayne Rogers","BCA","466083613853147","MCA/BCA"
"Yasmine Barrett","M.Tech","2923831611027232","M.Tech"
"Zane Cole","MBA","336200912542924","MBA"
"Abigail Porter","MCA","579575048679091","MCA"
"Blake Townsend","PhD","656921276403070","PhD"
"Dylan Walker","B.Tech","1225535036606351","M.Tech/B.Tech"
"Elise Sanders","BA","2331576770717246","BA"
"Francis Hicks","BBA","2440179520384781","MBA/BBA"
"Gloria Long","BCA","96764880618602","MCA/BCA"
"Isabel Rivera","M.Tech","248449529309724","M.Tech"
"Jason Bell","MBA","919131047374313","MBA"
"Kate Hughes","MCA","2945913403797235","MCA"
"Liam Martin","PhD","1360070138781167","PhD"
"Noah Cooper","B.Tech","2096439356004374","M.Tech/B.Tech"
"Ophelia Barnes","BA","105151768882381","BA"
"Parker Wood","BBA","2114228993976103","MBA/BBA"
"Quincy Young","BCA","2569062422630576","MCA/BCA"
"Sophia Lee","M.Tech","2493341780464709","M.Tech"
"Tyler Adams","MBA","2427096294014030","MBA"
"Ulysses Clark","MCA","2276733529605345","MCA"
"Victoria Morgan","PhD","2435037980247622","PhD"
"Jane Smith","B.Tech","1016516744724168","M.Tech/B.Tech"
"Alice Johnson","BA","1385010604943968","BA"
"Bob Brown","BBA","145399585862144","MBA/BBA"
"Charlie Davis","BCA","658352476769475","MCA/BCA"
"George Harris","M.Tech","955448019329178","M.Tech"
"Hannah Martin","MBA","2688617450853194","MBA"
"Ian Clark","MCA","2887765407880256","MCA"
"Jessica Lewis","PhD","1487187719810876","PhD"
"Larry Anderson","B.Tech","2106006937289114","M.Tech/B.Tech"
"Monica Hall","BA","1896547508467197","BA"
"Nathan Allen","BBA","642334182333917","MBA/BBA"
"Olivia Young","BCA","3084483244796070","MCA/BCA"
"Quinn Wright","M.Tech","3057196015811336","M.Tech"
"Rachel Scott","MBA","1801490479475084","MBA"
"Steve Adams","MCA","1940904259715887","MCA"
"Tina Baker","PhD","1352724567331229","PhD"
"Victor Roberts","B.Tech","288941837754490","M.Tech/B.Tech"
"Wendy Evans","BA","275877193593940","BA"
"Xander Collins","BBA","2470717648248950","MBA/BBA"
"Yvonne Stewart","BCA","1714334287335132","MCA/BCA"
"Aaron Wood","M.Tech","307873899927146","M.Tech"
"Bella Watson","MBA","2855661563833731","MBA"
"Cameron Reed","MCA","2554035352669742","MCA"
"Diana Murphy","PhD","2554197658030784","PhD"
"Fiona Bailey","B.Tech","2023971849029141","M.Tech/B.Tech"
"Gavin Nelson","BA","58801832589647","BA"
"Hazel Rivera","BBA","3096609007532611","MBA/BBA"
"Isaac Brooks","BCA","2448697733283537","MCA/BCA"
"Kevin Mitchell","M.Tech","270402783784246","M.Tech"
"Luna Gray","MBA","1095385721568166","MBA"
"Michael Hayes","MCA","1711635968135303","MCA"
"Nina Simmons","PhD","77668965448113","PhD"
"Paula Ward","B.Tech","2504297733499449","M.Tech/B.Tech"
"Quincy Hughes","BA","956184901522839","BA"
"Ruby Powell","BBA","1995350478263766","MBA/BBA"
"Samuel Russell","BCA","399217604939821","MCA/BCA"
"Ursula Howard","M.Tech","744378321537712","M.Tech"
"Victor Morgan","MBA","1296141719608926","MBA"
"Walter Bell","MCA","24991937651087","MCA"
"Xena Bryant","PhD","1438033821712490","PhD"
"Zoe Jenkins","B.Tech","2974277816309412","M.Tech/B.Tech"
"Anthony Long","BA","2692051495385745","BA"
"Brittany Patterson","BBA","2380500351481719","MBA/BBA"
"Carlos Coleman","BCA","2292627292121486","MCA/BCA"
"Eleanor Perry","M.Tech","386935925609742","M.Tech"
"Frankie Alexander","MBA","363944948234256","MBA"
"Gina Butler","MCA","2980724050597001","MCA"
"Harold Webb","PhD","1101790486004984","PhD"
"Jackie Harper","B.Tech","72800592741100","M.Tech/B.Tech"
"Kurt Matthews","BA","2008599255989553","BA"
"Lara Jennings","BBA","1539263063347944","MBA/BBA"
"Mason Rhodes","BCA","1766812111882406","MCA/BCA"
"Owen Perry","M.Tech","1472327045419647","M.Tech"
"Piper Freeman","MBA","2646750127749830","MBA"
"Quinton Lawrence","MCA","2075190948218940","MCA/BCA"
"Riley Patterson","PhD","1749544446850670","PhD"
"Tanya Edwards","B.Tech","1689481939631362","M.Tech/B.Tech"
"Ulysses Ross","BA","1243957041200233","BA"
"Vivian Hughes","BBA","1882853188263499","MBA/BBA"
"Wayne Rogers","BCA","2742298038767480","MCA/BCA"
"Yasmine Barrett","M.Tech","148163857946816","M.Tech"
"Zane Cole","MBA","3081370537771102","MBA"
"Abigail Porter","MCA","1087659901403397","MCA"
"Blake Townsend","PhD","222638050209965","PhD"
"Dylan Walker","B.Tech","418081169195063","M.Tech/B.Tech"
"Elise Sanders","BA","2167611398642460","BA"
"Francis Hicks","BBA","2383642017190423","MBA/BBA"
"Gloria Long","BCA","64698191433317","MCA/BCA"
"Isabel Rivera","M.Tech","2912686024304965","M.Tech"
"Jason Bell","MBA","603290390078566","MBA"
"Kate Hughes","MCA","1596553017574397","MCA"
"Liam Martin","PhD","577211763504566","PhD"
"Noah Cooper","B.Tech","2144388533438792","M.Tech/B.Tech"
"Ophelia Barnes","BA","22580607012829","BA"
"Parker Wood","BBA","2916508598213823","MBA/BBA"
"Quincy Young","BCA","507092565645323","MCA/BCA"
"Sophia Lee","M.Tech","824024682569388","M.Tech"
"Tyler Adams","MBA","928765169844768","MBA"
"Ulysses Clark","MCA","884852662117570","MCA"
"Victoria Morgan","PhD","2723378277276485","PhD"
"Jane Smith","B.Tech","2049393161746282","M.Tech/B.Tech"
"Alice Johnson","BA","422676275009558","BA"
"Bob Brown","BBA","2622321370377340","MBA/BBA"
"Charlie Davis","BCA","2421662116711767","MCA/BCA"
"George Harris","M.Tech","2497732438691862","M.Tech"
"Hannah Martin","MBA","2174489695396909","MBA"
"Ian Clark","MCA","2421443788616217","MCA"
"Jessica Lewis","PhD","773347391625286","PhD"
"Larry Anderson","B.Tech","591580246152065","M.Tech/B.Tech"
"Monica Hall","BA","379085778295201","BA"
"Nathan Allen","BBA","456051058282635","MBA/BBA"
"Olivia Young","BCA","273337118353274","MCA/BCA"
"Quinn Wright","M.Tech","1840462025419703","M.Tech"
"Rachel Scott","MBA","1285298931462395","MBA"
"Steve Adams","MCA","1262797495134226","MCA/BCA"
"Tina Baker","PhD","1198963877133764","PhD"
"Victor Roberts","B.Tech","1245197199175948","M.Tech/B.Tech"
"Wendy Evans","BA","1384735006315381","BA"
"Xander Collins","BBA","547405486909590","MBA/BBA"
"Yvonne Stewart","BCA","57981670145803","MCA/BCA"
"Aaron Wood","M.Tech","3020706461775166","M.Tech"
"Bella Watson","MBA","739866129797842","MBA"
"Cameron Reed","MCA","548936798138525","MCA"
"Diana Murphy","PhD","1774516911518640","PhD"
"Fiona Bailey","B.Tech","2096327049603757","M.Tech/B.Tech"
"Gavin Nelson","BA","2482944066971281","BA"
"Hazel Rivera","BBA","1323558270902093","MBA/BBA"
"Isaac Brooks","BCA","1894521185840048","MCA/BCA"
"Kevin Mitchell","M.Tech","2398682811030169","M.Tech"
"Luna Gray","MBA","1964096428992705","MBA"
"Michael Hayes","MCA","306016090911435","MCA"
"Nina Simmons","PhD","266242073421083","PhD"
"Paula Ward","B.Tech","994078073403295","M.Tech/B.Tech"
"Quincy Hughes","BA","40922581652370","BA"
"Ruby Powell","BBA","2238888202696420","MBA/BBA"
"Samuel Russell","BCA","1442980337121238","MCA/BCA"
"Ursula Howard","M.Tech","966650422072366","M.Tech"
"Victor Morgan","MBA","694680915572880","MBA"
"Walter Bell","MCA","1981730295243808","MCA"
"Xena Bryant","PhD","929753245534249","PhD"
"Zoe Jenkins","B.Tech","2382673250573351","M.Tech/B.Tech"
"Anthony Long","BA","1512255509797067","BA"
"Brittany Patterson","BBA","11389387326971","MBA/BBA"
"Carlos Coleman","BCA","2061641739444640","MCA/BCA"
"Eleanor Perry","M.Tech","1610592842191022","M.Tech"
"Frankie Alexander","MBA","166795681428216","MBA"
"Gina Butler","MCA","3065354387066140","MCA"
"Harold Webb","PhD","1995436013511693","PhD"
"Jackie Harper","B.Tech","2599152332801097","M.Tech/B.Tech"
"Kurt Matthews","BA","1853604249162653","BA"
"Lara Jennings","BBA","1926528247647629","MBA/BBA"
"Mason Rhodes","BCA","2516347443552908","MCA/BCA"
"Owen Perry","M.Tech","1073442790861359","M.Tech"
"Piper Freeman","MBA","412029969129672","MBA"
"Quinton Lawrence","MCA","691709241515804","MCA"
"Riley Patterson","PhD","2622952162296955","PhD"
"Tanya Edwards","B.Tech","2046269932367713","M.Tech/B.Tech"
"Ulysses Ross","BA","1441877065109934","BA"
"Vivian Hughes","BBA","1269881645380601","MBA/BBA"
"Wayne Rogers","BCA","2818762893904897","MCA/BCA"
"Yasmine Barrett","M.Tech","3009534177258410","M.Tech"
"Zane Cole","MBA","2459929470645310","MBA"
"Abigail Porter","MCA","572289767091970","MCA"
"Blake Townsend","PhD","1146610732516604","PhD"
"Dylan Walker","B.Tech","1901774038089724","M.Tech/B.Tech"
"Elise Sanders","BA","1140429647542292","BA"
"Francis Hicks","BBA","1234194272393378","MBA/BBA"
"Gloria Long","BCA","1364305364283891","MCA/BCA"
"Isabel Rivera","M.Tech","1377475145823410","M.Tech"
"Jason Bell","MBA","2647621495658127","MBA"
"Kate Hughes","MCA","1199552375893512","MCA"
"Liam Martin","PhD","1309442989615351","PhD"
"Noah Cooper","B.Tech","2429298219994028","M.Tech/B.Tech"
"Ophelia Barnes","BA","225190937608880","BA"
"Parker Wood","BBA","642095410675353","MBA/BBA"
"Quincy Young","BCA","1201160030667016","MCA/BCA"
"Sophia Lee","M.Tech","2639193524622832","M.Tech"
"Tyler Adams","MBA","3031240542030912","MBA"
"Ulysses Clark","MCA","2656767636912653","MCA"
"Victoria Morgan","PhD","2368329726744280","PhD"
"Jane Smith","B.Tech","2586689383653280","M.Tech/B.Tech"
"Alice Johnson","BA","1096712901596326","BA"
"Bob Brown","BBA","545037330114622","MBA/BBA"
"Charlie Davis","BCA","659187826879414","MCA/BCA"
"George Harris","M.Tech","1314550353046504","M.Tech"
"Hannah Martin","MBA","1130337501146476","MBA"
"Ian Clark","MCA","443217784381796","MCA"
"Jessica Lewis","PhD","1210882783953236","PhD"
"Larry Anderson","B.Tech","2949511736952871","M.Tech/B.Tech"
"Monica Hall","BA","2045866099164308","BA"
"Nathan Allen","BBA","127179941154526","MBA/BBA"
"Olivia Young","BCA","1543222313982376","MCA/BCA"
"Quinn Wright","M.Tech","63130933296968","M.Tech"
"Rachel Scott","MBA","2859403459988288","MBA"
"Steve Adams","MCA","1031912290957736","MCA/BCA"
"Tina Baker","PhD","1217483326695886","PhD"
"Victor Roberts","B.Tech","1628292934486581","M.Tech/B.Tech"
"Wendy Evans","BA","1522018637890986","BA"
"Xander Collins","BBA","278877884058183","MBA/BBA"
"Yvonne Stewart","BCA","1442967264424921","MCA/BCA"
"Aaron Wood","M.Tech","1400263350909761","M.Tech"
"Bella Watson","MBA","338506368421181","MBA"
"Cameron Reed","MCA","1332881322791377","MCA"
"Diana Murphy","PhD","19927137147114","PhD"
"Fiona Bailey","B.Tech","2728098482904385","M.Tech/B.Tech"
"Gavin Nelson","BA","2610900027467811","MBA"
"Hazel Rivera","BBA","3023389413900036","MBA/BBA"
"Isaac Brooks","BCA","521701516123769","MCA/BCA"
"Kevin Mitchell","M.Tech","2017598477069556","M.Tech"
"Luna Gray","MBA","1624830617832637","MBA"
"Michael Hayes","MCA","161230026511942","MCA"
"Nina Simmons","PhD","944682973338694","PhD"
"Paula Ward","B.Tech","395253196166585","M.Tech/B.Tech"
"Quincy Hughes","BA","2244590250235055","BA"
"Ruby Powell","BBA","2249623231992165","MBA/BBA"
"Samuel Russell","BCA","1650388917845894","MCA/BCA"
"Ursula Howard","M.Tech","2212352981116641","M.Tech"
"Victor Morgan","MBA","1404880356445312","MBA"
"Walter Bell","MCA","1974603023004542","MCA"
"Xena Bryant","PhD","630481464681167","PhD"
"Zoe Jenkins","B.Tech","2085021594367034","M.Tech/B.Tech"
"Anthony Long","BA","1253344716349662","BA"
"Brittany Patterson","BBA","1091540129392405","MBA/BBA"
"Carlos Coleman","BCA","445041235639110","MCA/BCA"
"Eleanor Perry","M.Tech","652801368476574","M.Tech"
"Frankie Alexander","MBA","2662901629347449","MBA"
"Gina Butler","MCA","2081143582367273","MCA"
"Harold Webb","PhD","2396981913902322","PhD"
"Jackie Harper","B.Tech","597051622284044","M.Tech/B.Tech"
"Kurt Matthews","BA","1051913459379989","BA"
"Lara Jennings","BBA","1797325641376271","MBA/BBA"
"Mason Rhodes","BCA","701549408699640","MCA/BCA"
"Owen Perry","M.Tech","2229398729320499","M.Tech"
"Piper Freeman","MBA","1035962466538619","MBA"
"Quinton Lawrence","MCA","2682885019918421","MCA"
"Riley Patterson","PhD","1210716694494745","PhD"
"Tanya Edwards","B.Tech","1897889866490987","M.Tech/B.Tech"
"Ulysses Ross","BA","489667487602777","BA"
"Vivian Hughes","BBA","101573916157303","MBA/BBA"
"Wayne Rogers","BCA","525281655753384","MCA/BCA"
"Yasmine Barrett","M.Tech","1176145444831178","M.Tech"
"Zane Cole","MBA","3089872708320804","MBA"
"Abigail Porter","MCA","2342102969436325","MCA"
"Blake Townsend","PhD","1798329948423315","PhD"
"Dylan Walker","B.Tech","1349423184681911","M.Tech/B.Tech"
"Elise Sanders","BA","2446867965034538","BA"
"Francis Hicks","BBA","562496115987149","MBA/BBA"
"Gloria Long","BCA","1289251819497161","MCA/BCA"
"Isabel Rivera","M.Tech","1092152760580591","M.Tech"
"Jason Bell","MBA","90206306057788","MBA"
"Kate Hughes","MCA","926810512029747","MCA"
"Liam Martin","PhD","1763057525320830","PhD"
"Noah Cooper","B.Tech","2241417830595973","M.Tech/B.Tech"
"Ophelia Barnes","BA","2380984392796015","BA"
"Parker Wood","BBA","2032206964124782","MBA/BBA"
"Quincy Young","BCA","106369463019998","MCA/BCA"
"Sophia Lee","M.Tech","543928597169568","M.Tech"
"Tyler Adams","MBA","929606414503529","MBA"
"Ulysses Clark","MCA","979483445194273","MCA"
"Victoria Morgan","PhD","645387537302044","PhD"
"Jane Smith","B.Tech","43398361800795","M.Tech/B.Tech"
"Alice Johnson","BA","2309422484185919","BA"
"Bob Brown","BBA","2782721503433717","MBA/BBA"
"Charlie Davis","BCA","3019618672123542","MCA/BCA"
"George Harris","M.Tech","2692840892291067","M.Tech"
"Hannah Martin","MBA","406587759130697","MBA"
"Ian Clark","MCA","2949373683956421","MCA"
"Jessica Lewis","PhD","1141854539601184","PhD"
"Larry Anderson","B.Tech","2868689538177074","M.Tech/B.Tech"
"Monica Hall","BA","1524163597812972","BA"
"Nathan Allen","BBA","796904812848350","MBA/BBA"
"Olivia Young","BCA","597445570742115","MCA/BCA"
"Quinn Wright","M.Tech","127772837015261","M.Tech"
"Rachel Scott","MBA","2142370676486187","MBA"
"Steve Adams","MCA","1157560773593094","MCA"
"Tina Baker","PhD","25492121864742","PhD"
"Victor Roberts","B.Tech","1256176335840374","M.Tech/B.Tech"
"Wendy Evans","BA","565509212351846","BA"
"Xander Collins","BBA","3049817223846692","MBA/BBA"
"Yvonne Stewart","BCA","826032116926537","MCA/BCA"
"Aaron Wood","M.Tech","2996765481548795","M.Tech"
"Bella Watson","MBA","3044350653716755","MBA"
"Cameron Reed","MCA","646662069455062","MCA"
"Diana Murphy","PhD","2347172816045402","PhD"
"Fiona Bailey","B.Tech","608188331742668","M.Tech/B.Tech"
"Gavin Nelson","BA","1336610227770938","BA"
"Hazel Rivera","BBA","2473955470099159","MBA/BBA"
"Isaac Brooks","BCA","2710049392003632","MCA/BCA"
"Kevin Mitchell","M.Tech","1370614736291327","M.Tech"
"Luna Gray","MBA","994403317969629","MBA"
"Michael Hayes","MCA","287573460673337","MCA"
"Nina Simmons","PhD","1649353208384029","PhD"
"Paula Ward","B.Tech","1970829435215308","M.Tech/B.Tech"
"Quincy Hughes","BA","1240445359302047","BA"
"Ruby Powell","BBA","569275062748575","MBA/BBA"
"Samuel Russell","BCA","819015008592228","MCA/BCA"
"Ursula Howard","M.Tech","1115649817553253","M.Tech"
"Victor Morgan","MBA","1320550532910588","MBA"
"Walter Bell","MCA","1725111147204690","MCA"
"Xena Bryant","PhD","346239188068797","PhD"
"Zoe Jenkins","B.Tech","127305354728754","M.Tech/B.Tech"
"Anthony Long","BA","722184685078158","BA"
"Brittany Patterson","BBA","2264496242884505","MBA/BBA"
"Carlos Coleman","BCA","1427243639846368","MCA/BCA"
"Eleanor Perry","M.Tech","1890212327591166","M.Tech"
"Frankie Alexander","MBA","1936881654166667","MBA"
"Gina Butler","MCA","668060974215211","MCA"
"Harold Webb","PhD","1263243667540296","PhD"
"Jackie Harper","B.Tech","2799041950001355","M.Tech/B.Tech"
"Kurt Matthews","BA","1962581702946607","BA"
"Lara Jennings","BBA","1128727651801286","MBA/BBA"
"Mason Rhodes","BCA","1391430826820681","MCA/BCA"
"Owen Perry","M.Tech","964869807208718","M.Tech"
"Piper Freeman","MBA","712885200633565","MBA"
"Quinton Lawrence","MCA","2959379509373746","MCA"
"Riley Patterson","PhD","2329323688660023","PhD"
"Tanya Edwards","B.Tech","1662109777348888","M.Tech/B.Tech"
"Ulysses Ross","BA","1997446494058173","BA"
"Vivian Hughes","BBA","768680871766062","MBA/BBA"
"Wayne Rogers","BCA","2089870079943950","MCA/BCA"
"Yasmine Barrett","M.Tech","2575475516750376","M.Tech"
"Zane Cole","MBA","1108107325901763","MBA"
"Abigail Porter","MCA","550037765195015","MCA"
"Blake Townsend","PhD","801254031608030","PhD"
"Dylan Walker","B.Tech","602177630315335","M.Tech/B.Tech"
"Elise Sanders","BA","1950395417509373","BA"
"Francis Hicks","BBA","500029781929767","MBA/BBA"
"Gloria Long","BCA","1414730705711922","MCA/BCA"
"Isabel Rivera","M.Tech","2660544686876974","M.Tech/B.Tech"
"Jason Bell","MBA","2466750721870912","MBA"
"Kate Hughes","MCA","517602182974770","MCA"
"Liam Martin","PhD","1785860686978537","PhD"
"Noah Cooper","B.Tech","2180885658279269","M.Tech/B.Tech"
"Ophelia Barnes","BA","19984503035797","BA"
"Parker Wood","BBA","2625276408916138","MBA/BBA"
"Quincy Young","BCA","2834677018340783","MCA/BCA"
"Sophia Lee","M.Tech","2307840348531283","M.Tech/B.Tech"
"Tyler Adams","MBA","1733586590357602","MBA"
"Ulysses Clark","MCA","3056547484261897","MCA"
"Victoria Morgan","PhD","333866798461572","PhD"
"Jane Smith","B.Tech","764557932436704","M.Tech/B.Tech"
"Alice Johnson","BA","1840472006295844","BA"
"Bob Brown","BBA","1261619008036963","MBA/BBA"
"Charlie Davis","BCA","2987537344798763","MCA/BCA"
"George Harris","M.Tech","656678407625538","M.Tech/B.Tech"
"Hannah Martin","MBA","300599914475757","MBA"
"Ian Clark","MCA","698171318419051","MCA"
"Jessica Lewis","PhD","392760471034312","PhD"
"Larry Anderson","B.Tech","2192491116658936","M.Tech/B.Tech"
"Monica Hall","BA","387786646229837","BA"
"Nathan Allen","BBA","2401059834225792","MBA/BBA"
"Olivia Young","BCA","243219404665372","MCA/BCA"
"Quinn Wright","M.Tech","736337123606915","M.Tech"
"Rachel Scott","MBA","1521531905731978","MBA"
"Steve Adams","MCA","2387169112445909","MCA"
"Tina Baker","PhD","1344913041635056","PhD"
"Victor Roberts","B.Tech","1447046857284065","M.Tech/B.Tech"
"Wendy Evans","BA","35477632910017","BA"
"Xander Collins","BBA","1610693090926888","MBA/BBA"
"Yvonne Stewart","BCA","1307502863538316","MCA/BCA"
"Aaron Wood","M.Tech","752199132854164","M.Tech"
"Bella Watson","MBA","2291616033246420","MBA"
"Cameron Reed","MCA","1708229347922297","MCA"
"Diana Murphy","PhD","1963966451104578","PhD"
"Fiona Bailey","B.Tech","3003167776059134","M.Tech/B.Tech"
"Gavin Nelson","BA","823759790674092","BA"
"Hazel Rivera","BBA","505713735553936","MBA/BBA"
"Isaac Brooks","BCA","1783038709502119","MCA/BCA"
"Kevin Mitchell","M.Tech","721974750280587","M.Tech"
"Luna Gray","MBA","1038712037768921","MBA"
"Michael Hayes","MCA","138418203007554","MCA"
"Nina Simmons","PhD","340976050461310","PhD"
"Paula Ward","B.Tech","2994515138725294","M.Tech/B.Tech"
"Quincy Hughes","BA","1100226011415881","BA"
"Ruby Powell","BBA","2414840055094733","MBA/BBA"
"Samuel Russell","BCA","2925970585004795","MCA/BCA"
"Ursula Howard","M.Tech","725450117689704","M.Tech"
"Victor Morgan","MBA","1532082897054473","MBA"
"Walter Bell","MCA","528968186738005","MCA"
"Xena Bryant","PhD","3079208650829838","PhD"
"Zoe Jenkins","B.Tech","919330074139881","M.Tech/B.Tech"
"Anthony Long","BA","1619443923190995","BA"
"Brittany Patterson","BBA","808000112469872","MBA/BBA"
"Carlos Coleman","BCA","16754769137965","MCA/BCA"
"Eleanor Perry","M.Tech","2747469432170847","M.Tech"
"Frankie Alexander","MBA","2187016333134884","MBA"
"Gina Butler","MCA","515759414812463","MCA"
"Harold Webb","PhD","2844215897238973","PhD"
"Jackie Harper","B.Tech","1504475213048553","M.Tech/B.Tech"
"Kurt Matthews","BA","702606894821909","BA"
"Lara Jennings","BBA","1588379084815842","MBA/BBA"
"Mason Rhodes","BCA","2754220383242813","MCA/BCA"
"Owen Perry","M.Tech","1922205585564707","M.Tech"
"Piper Freeman","MBA","1263318697028635","MBA"
"Quinton Lawrence","MCA","1102632855042626","MCA"
"Riley Patterson","PhD","1573958054748606","PhD"
"Tanya Edwards","B.Tech","406798033750380","M.Tech/B.Tech"
"Ulysses Ross","BA","1301925695297428","BA"
"Vivian Hughes","BBA","1134911970816309","MBA/BBA"
"Wayne Rogers","BCA","1864996850784532","MCA/BCA"
"Yasmine Barrett","M.Tech","1353461564538280","M.Tech"
"Zane Cole","MBA","1356054191420529","MBA"
"Abigail Porter","MCA","2880630531367897","MCA"
"Blake Townsend","PhD","2734683016936282","PhD"
"Dylan Walker","B.Tech","1391201006904798","M.Tech/B.Tech"
"Elise Sanders","BA","105037936074034","BA"
"Francis Hicks","BBA","1928699325938518","MBA/BBA"
"Gloria Long","BCA","2422118320988623","MCA/BCA"
"Isabel Rivera","M.Tech","2118923502565395","M.Tech"
"Jason Bell","MBA","180992282446451","MBA"
"Kate Hughes","MCA","1278162596919389","MCA"
"Liam Martin","PhD","2569927492697256","PhD"
"Noah Cooper","B.Tech","1423526322179626","M.Tech/B.Tech"
"Ophelia Barnes","BA","2529746274825780","BA"
"Parker Wood","BBA","1925346152335073","MBA/BBA"
"Quincy Young","BCA","578358298146361","MCA/BCA"
"Sophia Lee","M.Tech","2211160207314452","M.Tech"
"Tyler Adams","MBA","465659643464497","MBA"
"Ulysses Clark","MCA","2204826976058936","MCA"
"Victoria Morgan","PhD","1631476822520297","PhD"
"Jane Smith","B.Tech","2369170340868245","M.Tech/B.Tech"
"Alice Johnson","BA","1671200548412275","BA"
"Bob Brown","BBA","2338675766517901","MBA/BBA"
"Charlie Davis","BCA","1139563156888310","MCA/BCA"
"George Harris","M.Tech","593798148322197","M.Tech"
"Hannah Martin","MBA","1479877984671157","MBA"
"Ian Clark","MCA","1446023813980282","MCA"
"Jessica Lewis","PhD","2975104417637410","PhD"
"Larry Anderson","B.Tech","1388456802542394","M.Tech/B.Tech"
"Monica Hall","BA","2505213971303748","BA"
"Nathan Allen","BBA","1498157730668031","MBA/BBA"
"Olivia Young","BCA","1105497374507407","MCA/BCA"
"Quinn Wright","M.Tech","2819584556695127","M.Tech"
"Rachel Scott","MBA","950917053279067","MBA"
"Steve Adams","MCA","2062134793804492","MCA"
"Tina Baker","PhD","1421111105535200","PhD"
"Victor Roberts","B.Tech","17637322620995","M.Tech/B.Tech"
"Wendy Evans","BA","1659582771688686","BA"
"Xander Collins","BBA","1911286718143584","MBA/BBA"
"Yvonne Stewart","BCA","1135037354742117","MCA/BCA"
"Aaron Wood","M.Tech","1891199628252185","M.Tech"
"Bella Watson","MBA","927843189648168","MBA"
"Cameron Reed","MCA","2158671261485614","MCA"
"Diana Murphy","PhD","2627185404987723","PhD"
"Fiona Bailey","B.Tech","376071916782646","M.Tech/B.Tech"
"Gavin Nelson","BA","1221308168352439","BA"
"Hazel Rivera","BBA","137841403116698","MBA/BBA"
"Isaac Brooks","BCA","711459898553984","MCA/BCA"
"Kevin Mitchell","M.Tech","2521984925358284","M.Tech"
"Luna Gray","MBA","1085255470768647","MBA"
"Michael Hayes","MCA","1788171618822349","MCA"
"Nina Simmons","PhD","1081851227844027","PhD"
"Paula Ward","B.Tech","2549014805624921","M.Tech/B.Tech"
"Quincy Hughes","BA","255237673792668","BA"
"Ruby Powell","BBA","962102332847863","MBA/BBA"
"Samuel Russell","BCA","1149361221350630","MCA/BCA"
"Ursula Howard","M.Tech","3038162966114249","M.Tech"
"Victor Morgan","MBA","2157720125882797","MBA"
"Walter Bell","MCA","936491442412507","MCA"
"Xena Bryant","PhD","1158546024470369","PhD"
"Zoe Jenkins","B.Tech","2286892901678016","M.Tech/B.Tech"
"Anthony Long","BA","2856065253879295","BA"
"Brittany Patterson","BBA","2571506735689548","MBA/BBA"
"Carlos Coleman","BCA","1103737626389675","MCA/BCA"
"Eleanor Perry","M.Tech","2065918178830657","M.Tech"
"Frankie Alexander","MBA","441473044734741","MBA"
"Gina Butler","MCA","1789336225107339","MCA"
"Harold Webb","PhD","994270784904917","PhD"
"Jackie Harper","B.Tech","590208528082711","M.Tech/B.Tech"
"Kurt Matthews","BA","2040957541238639","BA"
"Lara Jennings","BBA","609374822334547","MBA/BBA"
"Mason Rhodes","BCA","2968610120019654","MCA/BCA"
"Owen Perry","M.Tech","1921975470951117","M.Tech"
"Piper Freeman","MBA","2012124563864849","MBA"
"Quinton Lawrence","MCA","1459250089624353","MCA"
"Riley Patterson","PhD","871956149117442","PhD"
"Tanya Edwards","B.Tech","330355657547739","M.Tech/B.Tech"
"Ulysses Ross","BA","1115564708659245","BA"
"Vivian Hughes","BBA","2778422404551238","MBA/BBA"
"Wayne Rogers","BCA","1282823939964073","MCA/BCA"
"Yasmine Barrett","M.Tech","2561134893466423","M.Tech"
"Zane Cole","MBA","2612020174010291","MBA"
"Abigail Porter","MCA","2532665674417862","MCA"
"Blake Townsend","PhD","1301749271656764","PhD"
"Dylan Walker","B.Tech","3045184838825469","M.Tech/B.Tech"
"Elise Sanders","BA","3021010545100292","BA"
"Francis Hicks","BBA","825151692785293","MBA/BBA"
"Gloria Long","BCA","2378990584323118","MCA/BCA"
"Isabel Rivera","M.Tech","1227023571080475","M.Tech"
"Jason Bell","MBA","992841148160090","MBA"
"Kate Hughes","MCA","257644575885777","MCA"
"Liam Martin","PhD","701875223208456","PhD"
"Noah Cooper","B.Tech","786476694326389","M.Tech/B.Tech"
"Ophelia Barnes","BA","1608646302185652","BA"
"Parker Wood","BBA","379409915025719","MBA/BBA"
"Quincy Young","BCA","2772920393432912","MCA/BCA"
"Sophia Lee","M.Tech","3073197350032307","M.Tech"
"Tyler Adams","MBA","2972373854233073","MBA"
"Ulysses Clark","MCA","2530634605631377","MCA"
"Victoria Morgan","PhD","2073990360751128","PhD"
"Jane Smith","B.Tech","623041058553775","M.Tech/B.Tech"
"Alice Johnson","BA","2597584253329549","BA"
"Bob Brown","BBA","975445975712816","MBA/BBA"
"Charlie Davis","BCA","3044543164397473","MCA/BCA"
"George Harris","M.Tech","1494011133056635","M.Tech"
"Hannah Martin","MBA","2371027231042371","MBA"
"Ian Clark","MCA","1333430991908579","MCA"
"Jessica Lewis","PhD","1096275873768261","PhD"
"Larry Anderson","B.Tech","1981430910491835","M.Tech/B.Tech"
"Monica Hall","BA","914684012194559","BA"
"Nathan Allen","BBA","293269574518835","MBA/BBA"
"Olivia Young","BCA","1747589964548354","MCA/BCA"
"Quinn Wright","M.Tech","1643603098407476","M.Tech"
"Rachel Scott","MBA","2315211028269394","MBA"
"Steve Adams","MCA","1731368656005846","MCA"
"Tina Baker","PhD","2083629752537917","PhD"
"Victor Roberts","B.Tech","2830526738179242","M.Tech/B.Tech"
"Wendy Evans","BA","2714334994460383","BA"
"Xander Collins","BBA","1751509137358112","MBA/BBA"
"Yvonne Stewart","BCA","439635001230445","MCA/BCA"
"Aaron Wood","M.Tech","147251726419096","M.Tech"
"Bella Watson","MBA","2813728189519821","MBA"
"Cameron Reed","MCA","2914586243033963","MCA"
"Diana Murphy","PhD","894449319093419","PhD"
"Fiona Bailey","B.Tech","2856944853180221","M.Tech/B.Tech"
"Gavin Nelson","BA","1508303925501835","BA"
"Hazel Rivera","BBA","2934033454644295","MBA/BBA"
"Isaac Brooks","BCA","368090734554288","MCA/BCA"
"Kevin Mitchell","M.Tech","944305315083006","M.Tech"
"Luna Gray","MBA","1976310910073962","MBA"
"Michael Hayes","MCA","1692406866083406","MCA"
"Nina Simmons","PhD","813425100450070","PhD"
"Paula Ward","B.Tech","1884600036407122","M.Tech/B.Tech"
"Quincy Hughes","BA","148231967382049","BA"
"Ruby Powell","BBA","1969594223159390","MBA/BBA"
"Samuel Russell","BCA","2227853003078128","MCA/BCA"
"Ursula Howard","M.Tech","394946821336786","M.Tech"
"Victor Morgan","MBA","1932409784201019","MBA"
"Walter Bell","MCA","251725961170380","MCA"
"Xena Bryant","PhD","761743453368938","PhD"
"Zoe Jenkins","B.Tech","496922169663819","M.Tech/B.Tech"
"Anthony Long","BA","2160049171408970","BA"
"Brittany Patterson","BBA","255627812588102","MBA/BBA"
"Carlos Coleman","BCA","107163905268634","MCA/BCA"
"Eleanor Perry","M.Tech","865657578997344","M.Tech"
"Frankie Alexander","MBA","2764380218531526","MBA"
"Gina Butler","MCA","991147490913394","MCA"
"Harold Webb","PhD","1621083021900509","PhD"
"Jackie Harper","B.Tech","2880124304570810","M.Tech/B.Tech"
"Kurt Matthews","BA","1721976357171093","BA"
"Lara Jennings","BBA","463604673095581","MBA/BBA"
"Mason Rhodes","BCA","1936228618417364","MCA/BCA"
"Owen Perry","M.Tech","1255868565292860","M.Tech"
"Piper Freeman","MBA","1193196615101078","MBA"
"Quinton Lawrence","MCA","345284761621703","MCA"
"Riley Patterson","PhD","192046595949966","PhD"
"Tanya Edwards","B.Tech","510697582166707","M.Tech/B.Tech"
"Ulysses Ross","BA","983269529704043","BA"
"Vivian Hughes","BBA","3019745751207697","MBA/BBA"
"Wayne Rogers","BCA","2176804628650925","MCA/BCA"
"Yasmine Barrett","M.Tech","190798404014818","M.Tech"
"Zane Cole","MBA","409647276475659","MBA"
"Abigail Porter","MCA","1177745751953494","MCA"
"Blake Townsend","PhD","2322050828159407","PhD"
"Dylan Walker","B.Tech","861396363651251","M.Tech/B.Tech"
"Elise Sanders","BA","2086601866863652","BA"
"Francis Hicks","BBA","2512293086471559","MBA/BBA"
"Isabel Rivera","M.Tech","1081678402253816","M.Tech"
"Jason Bell","MBA","1739904162290731","MBA"
"Kate Hughes","MCA","1025517649476640","MCA"
"Liam Martin","PhD","950046957627224","PhD"
"Noah Cooper","B.Tech","650068951441453","M.Tech/B.Tech"
"Ophelia Barnes","BA","969611319441768","BA"
"Sophia Lee","M.Tech","947947245527924","M.Tech"
"Tyler Adams","MBA","249157565406416","MBA"
"Ulysses Clark","MCA","2816415895961849","MCA"
"Victoria Morgan","PhD","1825496029907277","PhD"
"Jane Smith","B.Tech","249078123215894","M.Tech/B.Tech"
"Alice Johnson","BA","2448294446717999","BA"
"George Harris","M.Tech","447410138591378","M.Tech"
"Hannah Martin","MBA","455826954371557","MBA"
"Ian Clark","MCA","2170046375698396","MCA"
"Jessica Lewis","PhD","2811803031153023","PhD"
"Larry Anderson","B.Tech","2634256542524146","M.Tech/B.Tech"
"Monica Hall","BA","310150928184070","BA"
"Quinn Wright","M.Tech","3064420457795563","M.Tech"
"Rachel Scott","MBA","234151403561835","MBA"
"Steve Adams","MCA","355540072197479","MCA"
"Tina Baker","PhD","1576972001856789","PhD"
"Victor Roberts","B.Tech","3045508876696240","M.Tech/B.Tech"
"Wendy Evans","BA","1757115851712998","BA"
"Aaron Wood","M.Tech","2058089793558555","M.Tech"
"Bella Watson","MBA","2035114854816088","MBA"
"Cameron Reed","MCA","997639394575266","MCA"
"Diana Murphy","PhD","1156987280386634","PhD"
"Fiona Bailey","B.Tech","2415722646873169","M.Tech/B.Tech"
"Gavin Nelson","BA","2006777111523978","BA"
"Kevin Mitchell","M.Tech","914029362821084","M.Tech"
"Luna Gray","MBA","725553199947784","MBA"
"Michael Hayes","MCA","1998750489737436","MCA"
"Nina Simmons","PhD","2383150010914573","PhD"
"Paula Ward","B.Tech","2334771238714847","M.Tech/B.Tech"
"Quincy Hughes","BA","2329568533791555","BA"
"Ursula Howard","M.Tech","2479897983670997","M.Tech"
"Victor Morgan","MBA","2269167149165310","MBA"
"Xena Bryant","PhD","259932849103036","PhD"
"Zoe Jenkins","B.Tech","1241633070721833","M.Tech/B.Tech"
"Anthony Long","BA","1629568363085115","BA"
"Eleanor Perry","M.Tech","2062168300293160","M.Tech"
"Frankie Alexander","MBA","1733241593280861","MBA"
"Harold Webb","PhD","1703550973933876","PhD"
"Jackie Harper","B.Tech","1888191739953711","M.Tech/B.Tech"
"Kurt Matthews","BA","1065084479005428","BA"
"Owen Perry","M.Tech","1771822339210033","M.Tech"
"Piper Freeman","MBA","616305933381858","MBA"
"Riley Patterson","PhD","2830621644983513","PhD"
"Tanya Edwards","B.Tech","2073220652563360","M.Tech/B.Tech"
"Ulysses Ross","BA","2116472290065384","BA"
"Yasmine Barrett","M.Tech","724464906641642","M.Tech"
"Zane Cole","MBA","1966686347112472","MBA"
"Blake Townsend","PhD","1352961546097329","PhD"
"Dylan Walker","B.Tech","128906734445795","M.Tech/B.Tech"
"Elise Sanders","BA","1637333170872544","BA"
"Isabel Rivera","M.Tech","293874600791367","M.Tech"
"Jason Bell","MBA","1231642946392831","MBA"
"Liam Martin","PhD","245314686267879","PhD"
"Noah Cooper","B.Tech","988597020996341","M.Tech/B.Tech"
"Ophelia Barnes","BA","1965528869536164","BA"
"Sophia Lee","M.Tech","2479231166867106","M.Tech"
"Tyler Adams","MBA","551501195771183","MBA"
